model,model_family,candidate_id,candidate_number,parameters,representation,fold,macro_f1,weighted_f1,accuracy,macro_precision,macro_recall,fit_seconds,predict_seconds
dummy_majority,naive baseline,dummy_majority__candidate_01,1,"{""strategy"": ""most_frequent""}",shared TF-IDF text-only,0,0.19147165886635464,0.23145063950949368,0.40293280805427883,0.13431093601809294,0.3333333333333333,0.36271409999972093,0.2596288000004279
dummy_majority,naive baseline,dummy_majority__candidate_01,1,"{""strategy"": ""most_frequent""}",shared TF-IDF text-only,1,0.19144179275204076,0.23136389964322124,0.40284463894967176,0.13428154631655725,0.3333333333333333,0.40931649999947695,0.2811371000007057
complement_naive_bayes,probabilistic,complement_naive_bayes__candidate_01,1,"{""alpha"": 0.5}",shared TF-IDF text-only,0,0.39160030313914235,0.4219386964218848,0.4309476909608229,0.39911282903115836,0.39284809213085464,0.37686240000039106,0.24739880000015546
complement_naive_bayes,probabilistic,complement_naive_bayes__candidate_01,1,"{""alpha"": 0.5}",shared TF-IDF text-only,1,0.40519788722690125,0.4357286278770576,0.4446389496717724,0.41346195213283216,0.4059723675254006,0.371998499998881,0.2566292000010435
complement_naive_bayes,probabilistic,complement_naive_bayes__candidate_02,2,"{""alpha"": 1.0}",shared TF-IDF text-only,0,0.3842357990221603,0.4204567734529516,0.43685708032392206,0.4038814151401405,0.38952616725205197,0.35701139999946463,0.24567220000062662
complement_naive_bayes,probabilistic,complement_naive_bayes__candidate_02,2,"{""alpha"": 1.0}",shared TF-IDF text-only,1,0.39019724180792154,0.4287920278069837,0.44638949671772427,0.4086245194564209,0.3966769611326499,0.3689736999986053,0.28011049999986426
logistic_regression,linear,logistic_regression__candidate_01,1,"{""C"": 0.3}",shared TF-IDF text-only,0,0.32554073201814543,0.38696782288776693,0.43729481286933686,0.4600923468557672,0.36700662210106644,0.45755040000040026,0.2935094999993453
logistic_regression,linear,logistic_regression__candidate_01,1,"{""C"": 0.3}",shared TF-IDF text-only,1,0.3380588368389616,0.40259138440867853,0.4547045951859956,0.30506578605569407,0.38148087242837886,0.4720732000005228,0.27587379999931727
logistic_regression,linear,logistic_regression__candidate_02,2,"{""C"": 1.0}",shared TF-IDF text-only,0,0.3499093867163175,0.4033509700811962,0.44167213832348434,0.40594706238344913,0.37683182534107185,0.47318820000145934,0.27704850000009174
logistic_regression,linear,logistic_regression__candidate_02,2,"{""C"": 1.0}",shared TF-IDF text-only,1,0.3678061574850613,0.4197239564927516,0.4562363238512035,0.44312386610026994,0.3915718394767263,0.4626635000004171,0.27421529999992345
linear_svm,linear,linear_svm__candidate_01,1,"{""C"": 0.3}",shared TF-IDF text-only,0,0.3777767529004477,0.42076898653563327,0.446706062595754,0.42618213451546777,0.3902882369203658,0.42513549999966926,0.28034090000073775
linear_svm,linear,linear_svm__candidate_01,1,"{""C"": 0.3}",shared TF-IDF text-only,1,0.3845779586208584,0.4285318137644071,0.4549234135667396,0.4327241191170976,0.39742467106804796,0.434087499999805,0.2762635999988561
linear_svm,linear,linear_svm__candidate_02,2,"{""C"": 1.0}",shared TF-IDF text-only,0,0.40290120804697344,0.437117135081416,0.4521777194134384,0.4272626777305908,0.40573436660683804,0.45074409999870113,0.2792040000003908
linear_svm,linear,linear_svm__candidate_02,2,"{""C"": 1.0}",shared TF-IDF text-only,1,0.396607416077802,0.43184055072999383,0.4474835886214442,0.4206294080451383,0.4002024605752088,0.4533391000004485,0.26212479999958305
decision_tree,single tree,decision_tree__candidate_01,1,"{""max_depth"": 20, ""min_samples_leaf"": 5}",shared TF-IDF text-only,0,0.32038770603201233,0.3544277775311071,0.4068724009630116,0.37039743028311395,0.3561468484934558,0.5590221999991627,0.2506639000002906
decision_tree,single tree,decision_tree__candidate_01,1,"{""max_depth"": 20, ""min_samples_leaf"": 5}",shared TF-IDF text-only,1,0.3193083167334363,0.35688226515134014,0.40919037199124725,0.37528654943429746,0.35776979143281645,0.6250462000007246,0.2748043999999936
decision_tree,single tree,decision_tree__candidate_02,2,"{""max_depth"": 40, ""min_samples_leaf"": 3}",shared TF-IDF text-only,0,0.3414690834715762,0.3710985188507113,0.4005252790544977,0.3690710791826466,0.3588950383203246,0.8830772999990586,0.2798781000001327
decision_tree,single tree,decision_tree__candidate_02,2,"{""max_depth"": 40, ""min_samples_leaf"": 3}",shared TF-IDF text-only,1,0.35415361622041325,0.3842672256948594,0.4089715536105033,0.37669976218589585,0.3690178451836997,0.7270310000003519,0.24223390000042855
knn_cosine,instance based,knn_cosine__candidate_01,1,"{""n_neighbors"": 7, ""weights"": ""distance""}",shared TF-IDF text-only,0,0.39352171550867493,0.4246242769239885,0.4348872838695557,0.4050173247982671,0.3945296163214527,0.35309179999967455,0.4764388000003237
knn_cosine,instance based,knn_cosine__candidate_01,1,"{""n_neighbors"": 7, ""weights"": ""distance""}",shared TF-IDF text-only,1,0.39570298110278174,0.42506800404323763,0.43435448577680524,0.4072908016770443,0.39584804794124073,0.40493749999950523,0.4371742000002996
knn_cosine,instance based,knn_cosine__candidate_02,2,"{""n_neighbors"": 15, ""weights"": ""distance""}",shared TF-IDF text-only,0,0.3740296239936092,0.41079588437656567,0.42810242941562704,0.395317288197276,0.37999818758611476,0.4428143999994063,0.5838702000000922
knn_cosine,instance based,knn_cosine__candidate_02,2,"{""n_neighbors"": 15, ""weights"": ""distance""}",shared TF-IDF text-only,1,0.3843201527705021,0.4206231793517259,0.43851203501094094,0.4131913628090413,0.389775770294236,0.4347003000002587,0.46550440000100934
random_forest,bagging ensemble,random_forest__candidate_01,1,"{""max_depth"": 30, ""max_samples"": 0.5, ""min_samples_leaf"": 5, ""n_estimators"": 250}",shared TF-IDF text-only,0,0.3159125462937589,0.37645066857540294,0.4274458305975049,0.2868235963735415,0.3581620096678068,0.9688096999998379,0.32172130000071775
random_forest,bagging ensemble,random_forest__candidate_01,1,"{""max_depth"": 30, ""max_samples"": 0.5, ""min_samples_leaf"": 5, ""n_estimators"": 250}",shared TF-IDF text-only,1,0.3283113754068807,0.3911624131372033,0.4435448577680525,0.2988716466575367,0.3716941546066553,0.92062149999947,0.32911909999893396
random_forest,bagging ensemble,random_forest__candidate_02,2,"{""max_depth"": null, ""max_samples"": 0.75, ""min_samples_leaf"": 3, ""n_estimators"": 350}",shared TF-IDF text-only,0,0.33685625730460994,0.3927547928917903,0.43532501641497046,0.41615589458463204,0.3690281459793689,2.4168365000004997,0.5103341000012733
random_forest,bagging ensemble,random_forest__candidate_02,2,"{""max_depth"": null, ""max_samples"": 0.75, ""min_samples_leaf"": 3, ""n_estimators"": 350}",shared TF-IDF text-only,1,0.3589672937288228,0.41395439831920383,0.4538293216630197,0.42723706907229814,0.38708442510361346,2.318880299999364,0.4753906999994797
adaboost,boosting ensemble,adaboost__candidate_01,1,"{""base_depth"": 1, ""learning_rate"": 0.5, ""n_estimators"": 100}",shared TF-IDF text-only,0,0.2904510821246387,0.3469705571836415,0.41453272050776974,0.28183327638627775,0.3457286124460897,1.8794933999997738,0.3333311999995203
adaboost,boosting ensemble,adaboost__candidate_01,1,"{""base_depth"": 1, ""learning_rate"": 0.5, ""n_estimators"": 100}",shared TF-IDF text-only,1,0.27016060387104207,0.3237415015368305,0.43544857768052514,0.35168837942374515,0.36170661812975013,1.623262999999497,0.33363590000044496
adaboost,boosting ensemble,adaboost__candidate_02,2,"{""base_depth"": 2, ""learning_rate"": 0.2, ""n_estimators"": 200}",shared TF-IDF text-only,0,0.2896866475937806,0.346322129789176,0.4241628365068943,0.2925726368946762,0.3533272952626693,5.044927399998414,0.41981979999945906
adaboost,boosting ensemble,adaboost__candidate_02,2,"{""base_depth"": 2, ""learning_rate"": 0.2, ""n_estimators"": 200}",shared TF-IDF text-only,1,0.2891795581226584,0.3459633790844353,0.4389496717724289,0.32980241360129625,0.36517808571997995,5.165994299999511,0.410063799999989
xgboost,gradient boosted trees,xgboost__candidate_01,1,"{""learning_rate"": 0.05, ""max_depth"": 3, ""min_child_weight"": 5, ""n_estimators"": 250, ""reg_lambda"": 5.0}",shared TF-IDF text-only,0,0.33091038903155473,0.382974891230595,0.4226307725979427,0.38780374014249114,0.35939594935100655,5.030374500000107,0.32947039999999106
xgboost,gradient boosted trees,xgboost__candidate_01,1,"{""learning_rate"": 0.05, ""max_depth"": 3, ""min_child_weight"": 5, ""n_estimators"": 250, ""reg_lambda"": 5.0}",shared TF-IDF text-only,1,0.34508331645156276,0.401798194412937,0.4428884026258206,0.37228476204067434,0.37568196760357897,4.724147799999628,0.2911643000006734
xgboost,gradient boosted trees,xgboost__candidate_02,2,"{""learning_rate"": 0.05, ""max_depth"": 5, ""min_child_weight"": 10, ""n_estimators"": 350, ""reg_lambda"": 10.0}",shared TF-IDF text-only,0,0.3528137559135338,0.3986663243016084,0.42657036550667543,0.38311592725783544,0.36918794862209775,10.68156479999925,0.3835758999994141
xgboost,gradient boosted trees,xgboost__candidate_02,2,"{""learning_rate"": 0.05, ""max_depth"": 5, ""min_child_weight"": 10, ""n_estimators"": 350, ""reg_lambda"": 10.0}",shared TF-IDF text-only,1,0.35850923300683046,0.4093014144025036,0.4415754923413567,0.3882356492641621,0.37947994798347623,9.476730000000316,0.30101990000002843
lightgbm,gradient boosted trees,lightgbm__candidate_01,1,"{""learning_rate"": 0.05, ""n_estimators"": 250, ""num_leaves"": 31}",shared TF-IDF text-only,0,0.378487377681102,0.40703818312251033,0.41475158678047713,0.38600353859363357,0.3787136262982931,3.1679684999999154,0.45485789999838744
lightgbm,gradient boosted trees,lightgbm__candidate_01,1,"{""learning_rate"": 0.05, ""n_estimators"": 250, ""num_leaves"": 31}",shared TF-IDF text-only,1,0.4037260040770086,0.4334570858930873,0.4417943107221007,0.4126234725312284,0.40377814058819483,2.9092273999995086,0.4526765999999043
lightgbm,gradient boosted trees,lightgbm__candidate_02,2,"{""learning_rate"": 0.03, ""n_estimators"": 350, ""num_leaves"": 63}",shared TF-IDF text-only,0,0.3852680204997149,0.4154606109846878,0.42328737141606476,0.39157552228398873,0.38590324908919155,7.745571800000107,0.7342184999997698
lightgbm,gradient boosted trees,lightgbm__candidate_02,2,"{""learning_rate"": 0.03, ""n_estimators"": 350, ""num_leaves"": 63}",shared TF-IDF text-only,1,0.40592992299611746,0.4355553189342837,0.4431072210065646,0.41332437213042467,0.40583015534329797,7.082751899999494,0.7164641999988817
catboost,gradient boosted trees,catboost__candidate_01,1,"{""depth"": 5, ""iterations"": 250, ""learning_rate"": 0.05}",shared TF-IDF text-only,0,0.32367730194829825,0.3821633555412138,0.4305099584154082,0.41925513639348133,0.36224087655698756,35.205348600000434,0.28186839999943913
catboost,gradient boosted trees,catboost__candidate_01,1,"{""depth"": 5, ""iterations"": 250, ""learning_rate"": 0.05}",shared TF-IDF text-only,1,0.342046997287897,0.4046947182862932,0.4551422319474836,0.40116893207802296,0.38268051511830564,33.94794229999934,0.2957057999992685
catboost,gradient boosted trees,catboost__candidate_02,2,"{""depth"": 7, ""iterations"": 350, ""learning_rate"": 0.03}",shared TF-IDF text-only,0,0.32102126972220146,0.37826580548041006,0.42547603414313856,0.4075788725509817,0.3583328526059851,177.81890639999983,0.30070920000071055
catboost,gradient boosted trees,catboost__candidate_02,2,"{""depth"": 7, ""iterations"": 350, ""learning_rate"": 0.03}",shared TF-IDF text-only,1,0.3444798403321602,0.40642264858685023,0.4549234135667396,0.3881360428032312,0.38319839658478944,176.62959600000067,0.29407030000038503
distilmbert_multilingual,transformer,distilmbert_multilingual__candidate_01,1,"{""batch_size"": 8, ""epochs"": 1, ""freeze_lower_layers"": 0, ""learning_rate"": 2e-05, ""loss"": ""standard_cross_entropy"", ""max_length"": 160, ""model_id"": ""distilbert/distilbert-base-multilingual-cased"", ""model_revision"": ""45c032ab32cc946ad88a166f7cb282f58c753c2e"", ""weight_decay"": 0.01}",multilingual DistilBERT text-only,0,0.3179930959930332,0.37845990940153307,0.4278835631429197,0.2851570452106645,0.35962813757149936,2501.9388850000014,579.8979753999993
distilmbert_multilingual,transformer,distilmbert_multilingual__candidate_01,1,"{""batch_size"": 8, ""epochs"": 1, ""freeze_lower_layers"": 0, ""learning_rate"": 2e-05, ""loss"": ""standard_cross_entropy"", ""max_length"": 160, ""model_id"": ""distilbert/distilbert-base-multilingual-cased"", ""model_revision"": ""45c032ab32cc946ad88a166f7cb282f58c753c2e"", ""weight_decay"": 0.01}",multilingual DistilBERT text-only,1,0.32671019175730687,0.38876759500025915,0.4402625820568928,0.2932864111212983,0.3702475915693046,2492.1330620999997,562.3850631000023
distilmbert_multilingual,transformer,distilmbert_multilingual__candidate_02,2,"{""batch_size"": 8, ""epochs"": 1, ""freeze_lower_layers"": 0, ""learning_rate"": 3e-05, ""loss"": ""standard_cross_entropy"", ""max_length"": 160, ""model_id"": ""distilbert/distilbert-base-multilingual-cased"", ""model_revision"": ""45c032ab32cc946ad88a166f7cb282f58c753c2e"", ""weight_decay"": 0.01}",multilingual DistilBERT text-only,0,0.3000697140220477,0.35815100651844234,0.4178157145983804,0.2814363771243085,0.34901325800546185,2429.6738430000005,570.1859269999986
distilmbert_multilingual,transformer,distilmbert_multilingual__candidate_02,2,"{""batch_size"": 8, ""epochs"": 1, ""freeze_lower_layers"": 0, ""learning_rate"": 3e-05, ""loss"": ""standard_cross_entropy"", ""max_length"": 160, ""model_id"": ""distilbert/distilbert-base-multilingual-cased"", ""model_revision"": ""45c032ab32cc946ad88a166f7cb282f58c753c2e"", ""weight_decay"": 0.01}",multilingual DistilBERT text-only,1,0.27039641793595587,0.320553601860647,0.3984682713347921,0.26987368415970875,0.3375033094043012,2452.731462400003,570.2829664000019
