model,rank_within_model,candidate_index,mean_train_macro_f1,mean_macro_f1,std_macro_f1,mean_weighted_f1,mean_accuracy,mean_fit_seconds,params,train_validation_gap
complement_naive_bayes,1,1,0.7353343405649497,0.448465734379905,0.00485469334149147,0.4692692700403538,0.47145593643684497,10.660369968414306,"{""classifier__alpha"": 0.05}",0.2868686061850447
complement_naive_bayes,2,2,0.7265883385464569,0.4472499285676794,0.004024459257968568,0.46815737735815227,0.4704929918479298,10.66693959236145,"{""classifier__alpha"": 0.1}",0.27933840997877746
complement_naive_bayes,3,3,0.7134771819765715,0.44449174030592775,0.004171035703726442,0.4654000967899051,0.46808516565371505,10.707862138748169,"{""classifier__alpha"": 0.2}",0.26898544167064375
complement_naive_bayes,4,4,0.7039153480990656,0.44263817287214124,0.004369427288567132,0.46411912798630944,0.46707835200116393,10.634416007995606,"{""classifier__alpha"": 0.3}",0.2612771752269244
complement_naive_bayes,5,5,0.688236464081255,0.44070838850737426,0.006142599002231551,0.46333912129504695,0.4671659177173676,10.965229272842407,"{""classifier__alpha"": 0.5}",0.2475280755738808
complement_naive_bayes,6,6,0.673835887764185,0.43742435633740484,0.007650687194306582,0.4616249483965861,0.46668432564895806,10.883676147460937,"{""classifier__alpha"": 0.75}",0.23641153142678017
complement_naive_bayes,7,7,0.6610242953608583,0.43385626967742674,0.006122019627089192,0.46021527462666095,0.4672101509612666,11.026003503799439,"{""classifier__alpha"": 1.0}",0.22716802568343153
complement_naive_bayes,8,8,0.6374637668771548,0.4272745887522543,0.005675273379488336,0.4575828018687821,0.4684362621029531,10.722980833053589,"{""classifier__alpha"": 1.5}",0.21018917812490046
complement_naive_bayes,9,9,0.6146604330509475,0.41856593348629545,0.0052678282697786625,0.4536656081453966,0.4692240081603769,10.72670612335205,"{""classifier__alpha"": 2.0}",0.19609449956465208
complement_naive_bayes,10,10,0.5763312299034168,0.4023422651917087,0.007295193403276525,0.44480530209550606,0.4684800640926726,10.898310375213622,"{""classifier__alpha"": 3.0}",0.1739889647117081
complement_naive_bayes,11,11,0.514129096639708,0.3792863608746634,0.004365712024819673,0.43111493290093206,0.4665972773169651,10.90101146697998,"{""classifier__alpha"": 5.0}",0.13484273576504457
complement_naive_bayes,12,12,0.4336200750509704,0.3565526507349242,0.00408824271134269,0.4164871496479579,0.462569466958644,10.665192651748658,"{""classifier__alpha"": 10.0}",0.07706742431604618
knn_cosine,1,2,0.9999460681020984,0.4968153613304798,0.0014750844949790664,0.520454774167472,0.5258739909081387,10.727964162826538,"{""classifier__n_neighbors"": 5, ""classifier__weights"": ""distance""}",0.5031307067716186
knn_cosine,2,4,0.99994593064702,0.47532969160750377,0.0036593023603451245,0.5055097708155485,0.5164183827643585,10.885683250427245,"{""classifier__n_neighbors"": 9, ""classifier__weights"": ""distance""}",0.5246162390395162
knn_cosine,3,1,0.8083790687447904,0.4642075273089449,0.004527424077496171,0.4864301361782255,0.488135770340817,10.925339460372925,"{""classifier__n_neighbors"": 5, ""classifier__weights"": ""uniform""}",0.3441715414358455
knn_cosine,4,6,0.9999464805052387,0.44808974650696076,0.003186010719800172,0.4838418400096531,0.5005700201923015,11.93148136138916,"{""classifier__n_neighbors"": 15, ""classifier__weights"": ""distance""}",0.551856733998278
knn_cosine,5,3,0.718294460000934,0.4419509725014283,0.0017029320950384277,0.47199995873618217,0.4795560681833577,10.580705881118774,"{""classifier__n_neighbors"": 9, ""classifier__weights"": ""uniform""}",0.2763434874995057
knn_cosine,6,8,0.9999462055571768,0.42667176845401683,0.0041565389966376366,0.4694923006980748,0.49391523931682635,10.971320199966431,"{""classifier__n_neighbors"": 25, ""classifier__weights"": ""distance""}",0.57327443710316
knn_cosine,7,5,0.6366379282896953,0.41634339159333955,0.003887126475119723,0.45288013601592036,0.4681737469815547,10.777328252792358,"{""classifier__n_neighbors"": 15, ""classifier__weights"": ""uniform""}",0.2202945366963558
knn_cosine,8,10,0.9999464805052387,0.40666298359936637,0.006669949206493818,0.45585300269769,0.48796205721522073,10.857359838485717,"{""classifier__n_neighbors"": 40, ""classifier__weights"": ""distance""}",0.5932834969058723
knn_cosine,9,7,0.561463906534071,0.3998403861505359,0.006336096889132121,0.4434054150108156,0.46760447416814255,10.732820987701416,"{""classifier__n_neighbors"": 25, ""classifier__weights"": ""uniform""}",0.16162352038353506
knn_cosine,10,12,0.9999464805052387,0.38794576293107624,0.0037799131623568703,0.44286536249141334,0.4819639423702064,10.961222314834595,"{""classifier__n_neighbors"": 60, ""classifier__weights"": ""distance""}",0.6120007175741624
knn_cosine,11,9,0.5056939741567352,0.3819092723793779,0.008027346660373592,0.4335686286597465,0.46751734928451105,10.889745712280273,"{""classifier__n_neighbors"": 40, ""classifier__weights"": ""uniform""}",0.12378470177735734
knn_cosine,12,11,0.46252120449514644,0.3716953918822291,0.005003074611082514,0.42757472001545693,0.46729825315554707,10.79631748199463,"{""classifier__n_neighbors"": 60, ""classifier__weights"": ""uniform""}",0.09082581261291733
lightgbm,1,5,0.9863820313477877,0.4710202380713131,0.006208152434188056,0.5019466906567343,0.5132664114316963,248.77404108047486,"{""classifier__min_child_samples"": 10, ""classifier__num_leaves"": 63, ""classifier__reg_lambda"": 0.0}",0.5153617932764746
lightgbm,2,6,0.9657787042138622,0.46515572368819785,0.004935761177106995,0.4967288803359621,0.508887801566894,230.5684545993805,"{""classifier__min_child_samples"": 10, ""classifier__num_leaves"": 63, ""classifier__reg_lambda"": 5.0}",0.5006229805256643
lightgbm,3,11,0.9753641935013245,0.4646327484040844,0.003297704116720206,0.4945347524453595,0.5047725021069268,191.66960401535033,"{""classifier__min_child_samples"": 30, ""classifier__num_leaves"": 63, ""classifier__reg_lambda"": 0.0}",0.5107314450972401
lightgbm,4,12,0.9595150325358965,0.462000028218488,0.00364030396888217,0.49265788930603865,0.503940503460061,195.20246663093567,"{""classifier__min_child_samples"": 30, ""classifier__num_leaves"": 63, ""classifier__reg_lambda"": 5.0}",0.4975150043174085
lightgbm,5,3,0.908472088243496,0.4527672799849961,0.005116545579081575,0.4875454670875009,0.5026708779195282,140.19972519874574,"{""classifier__min_child_samples"": 10, ""classifier__num_leaves"": 31, ""classifier__reg_lambda"": 0.0}",0.4557048082584999
lightgbm,6,9,0.8764279933059738,0.4504002210010259,0.0015792241353590898,0.4837567168707603,0.4968046193917181,111.52523975372314,"{""classifier__min_child_samples"": 30, ""classifier__num_leaves"": 31, ""classifier__reg_lambda"": 0.0}",0.42602777230494787
lightgbm,7,10,0.8476514373048583,0.44580353008105106,0.004474254427119467,0.48143418688202166,0.4966735104030679,113.57474384307861,"{""classifier__min_child_samples"": 30, ""classifier__num_leaves"": 31, ""classifier__reg_lambda"": 5.0}",0.4018479072238072
lightgbm,8,4,0.8580483731467373,0.4452703378543076,0.004338113003701139,0.48201822571292097,0.49824959686903114,135.4538681983948,"{""classifier__min_child_samples"": 10, ""classifier__num_leaves"": 31, ""classifier__reg_lambda"": 5.0}",0.41277803529242973
lightgbm,9,7,0.7336693838056468,0.42780406624677597,0.0034287396274141992,0.46833722588018906,0.4887497650597446,66.86774010658264,"{""classifier__min_child_samples"": 30, ""classifier__num_leaves"": 15, ""classifier__reg_lambda"": 0.0}",0.30586531755887086
lightgbm,10,1,0.7763870271026178,0.42617881263364826,0.006367948227727339,0.46927067076536505,0.4927336586512238,80.40119495391846,"{""classifier__min_child_samples"": 10, ""classifier__num_leaves"": 15, ""classifier__reg_lambda"": 0.0}",0.3502082144689695
lightgbm,11,2,0.713061330103905,0.42468485284551144,0.003687225969961248,0.46696419241601117,0.48975588882893006,80.67438116073609,"{""classifier__min_child_samples"": 10, ""classifier__num_leaves"": 15, ""classifier__reg_lambda"": 5.0}",0.2883764772583936
lightgbm,12,8,0.7042105301457113,0.4202267315425162,0.004432198634317977,0.46233905927751817,0.4847653828947357,73.58573732376098,"{""classifier__min_child_samples"": 30, ""classifier__num_leaves"": 15, ""classifier__reg_lambda"": 5.0}",0.2839837986031951
linear_svm,1,8,0.9000683205529135,0.47058144992847445,0.00828817788651009,0.49216579587383225,0.4936975423630557,13.580575466156006,"{""classifier__C"": 1.0, ""classifier__class_weight"": ""balanced""}",0.4294868706244391
linear_svm,2,10,0.9452294278401305,0.470523691848763,0.006623355967250865,0.49158086717179766,0.493346225384277,14.344085311889648,"{""classifier__C"": 3.0, ""classifier__class_weight"": ""balanced""}",0.4747057359913675
linear_svm,3,9,0.943375389823507,0.46544872292054873,0.00566285589312835,0.49090907687893603,0.4971117699865889,14.797575426101684,"{""classifier__C"": 3.0, ""classifier__class_weight"": null}",0.47792666690295826
linear_svm,4,7,0.8941378553878208,0.4641957566108738,0.009284281522407931,0.492380421794348,0.5014909357630978,13.765764474868774,"{""classifier__C"": 1.0, ""classifier__class_weight"": null}",0.42994209877694695
linear_svm,5,12,0.9777451064599978,0.463489827804088,0.007321395131750755,0.48489647636551075,0.4866918279339372,16.35951385498047,"{""classifier__C"": 10.0, ""classifier__class_weight"": ""balanced""}",0.5142552786559098
linear_svm,6,6,0.8283921411156635,0.46222025104410347,0.008040448428353735,0.4841740922629512,0.48568590566334524,12.724303197860717,"{""classifier__C"": 0.3, ""classifier__class_weight"": ""balanced""}",0.36617189007156004
linear_svm,7,11,0.977383640145721,0.4622048273920692,0.006500413798401086,0.4853257175427174,0.4893186641270847,16.03107976913452,"{""classifier__C"": 10.0, ""classifier__class_weight"": null}",0.5151788127536518
linear_svm,8,4,0.7430885981329911,0.4552353993721761,0.0059322360999429094,0.4786174757346485,0.4808694675447045,12.340381574630737,"{""classifier__C"": 0.1, ""classifier__class_weight"": ""balanced""}",0.287853198760815
linear_svm,9,5,0.8082121209579165,0.4417165196231519,0.008161473580948963,0.47774255078203237,0.49439819247336747,12.903314542770385,"{""classifier__C"": 0.3, ""classifier__class_weight"": null}",0.3664956013347646
linear_svm,10,2,0.6360821437578877,0.4354471688973902,0.005760121927664225,0.4633233922063461,0.4696615300063204,11.678285789489745,"{""classifier__C"": 0.03, ""classifier__class_weight"": ""balanced""}",0.20063497486049753
linear_svm,11,3,0.6761757726514889,0.4103149684004304,0.008188403013549547,0.4594906264398402,0.4902824618724752,12.30617036819458,"{""classifier__C"": 0.1, ""classifier__class_weight"": null}",0.26586080425105846
linear_svm,12,1,0.4896906069468435,0.3662255876228992,0.008712180998692531,0.4292352780908487,0.4782425354921272,11.72739405632019,"{""classifier__C"": 0.03, ""classifier__class_weight"": null}",0.12346501932394432
logistic_regression,1,12,0.9200054075725772,0.4729779013658244,0.008493414658258694,0.49146094222513337,0.4909836100340385,13.486475372314453,"{""classifier__C"": 10.0, ""classifier__class_weight"": ""balanced""}",0.4470275062067528
logistic_regression,2,10,0.852306647539754,0.46670175793502955,0.007961528765862485,0.484322494331225,0.482577735980639,11.933812189102174,"{""classifier__C"": 3.0, ""classifier__class_weight"": ""balanced""}",0.3856048896047245
logistic_regression,3,11,0.9195066668490494,0.4632639281638607,0.009027963103432454,0.49089254516609254,0.498820393401909,13.371337652206421,"{""classifier__C"": 10.0, ""classifier__class_weight"": null}",0.45624273868518866
logistic_regression,4,8,0.7707459907541264,0.46095312834130686,0.0068545032123826,0.47600338724015634,0.47294574140850176,11.622842168807983,"{""classifier__C"": 1.0, ""classifier__class_weight"": ""balanced""}",0.30979286241281956
logistic_regression,5,9,0.847035135093219,0.45235597834212793,0.006923255780735531,0.48489125047468234,0.497594052240376,12.095098829269409,"{""classifier__C"": 3.0, ""classifier__class_weight"": null}",0.3946791567510911
logistic_regression,6,6,0.6676348586271041,0.4434571000303702,0.011102666978919443,0.45589996810724287,0.45228224405873513,11.529566478729247,"{""classifier__C"": 0.3, ""classifier__class_weight"": ""balanced""}",0.22417775859673394
logistic_regression,7,7,0.7406432564957428,0.4266776547203966,0.00684506042790216,0.46843001087066005,0.49076403464567714,11.473709630966187,"{""classifier__C"": 1.0, ""classifier__class_weight"": null}",0.3139656017753462
logistic_regression,8,4,0.5771307107108985,0.4250217469728428,0.004688157034745828,0.43550660475478403,0.4327998671335368,11.65627737045288,"{""classifier__C"": 0.1, ""classifier__class_weight"": ""balanced""}",0.1521089637380557
logistic_regression,9,2,0.503589322622946,0.407332961594694,0.007956204676299797,0.41590830789982747,0.4176085442373417,11.622644805908203,"{""classifier__C"": 0.03, ""classifier__class_weight"": ""balanced""}",0.09625636102825197
logistic_regression,10,5,0.5713056085573446,0.38542199451207976,0.007054714488609752,0.44266853179359755,0.4838896689292863,11.471931982040406,"{""classifier__C"": 0.3, ""classifier__class_weight"": null}",0.18588361404526482
logistic_regression,11,3,0.42764294980367523,0.3557900998185235,0.006340433158054219,0.4214335840137012,0.47482842264571623,11.561091566085816,"{""classifier__C"": 0.1, ""classifier__class_weight"": null}",0.07185284998515173
logistic_regression,12,1,0.3790967474461749,0.3460753607031376,0.006993041694836777,0.41230587625526594,0.4674286819524787,11.685862731933593,"{""classifier__C"": 0.03, ""classifier__class_weight"": null}",0.033021386743037284
random_forest,1,11,0.9869412874862032,0.46382679423791934,0.004694240493579704,0.4958252254354477,0.5090186230527578,84.84350681304932,"{""classifier__class_weight"": ""balanced_subsample"", ""classifier__max_depth"": null, ""classifier__min_samples_leaf"": 2}",0.5231144932482839
random_forest,2,9,0.9041031657232186,0.45338637330923987,0.007908463016107077,0.47948065870266976,0.4843271331916193,44.16773953437805,"{""classifier__class_weight"": ""balanced_subsample"", ""classifier__max_depth"": 40, ""classifier__min_samples_leaf"": 2}",0.4507167924139787
random_forest,3,12,0.8919469646481855,0.4526275510709367,0.007138603441380282,0.4751502994690294,0.4772349168393246,49.96794767379761,"{""classifier__class_weight"": ""balanced_subsample"", ""classifier__max_depth"": null, ""classifier__min_samples_leaf"": 5}",0.43931941357724874
random_forest,4,10,0.7799975475024303,0.44639124842392974,0.011418238095356732,0.4658640767283823,0.46396966522367533,32.25762038230896,"{""classifier__class_weight"": ""balanced_subsample"", ""classifier__max_depth"": 40, ""classifier__min_samples_leaf"": 5}",0.3336062990785006
random_forest,5,7,0.7478132037493298,0.4364188018992145,0.010730846247106646,0.45539212599893275,0.4520607327025078,25.496037912368774,"{""classifier__class_weight"": ""balanced_subsample"", ""classifier__max_depth"": 20, ""classifier__min_samples_leaf"": 2}",0.3113944018501153
random_forest,6,8,0.662387907934529,0.4296922503032177,0.008864852793322482,0.44468724608082744,0.4393213157888023,22.003438186645507,"{""classifier__class_weight"": ""balanced_subsample"", ""classifier__max_depth"": 20, ""classifier__min_samples_leaf"": 5}",0.23269565763131123
random_forest,7,5,0.9653424927697974,0.41392696352499014,0.003181893864201981,0.46834473833421447,0.5069615387310785,83.17832112312317,"{""classifier__class_weight"": null, ""classifier__max_depth"": null, ""classifier__min_samples_leaf"": 2}",0.5514155292448073
random_forest,8,6,0.7779782732969209,0.3801078457844761,0.003807477863789684,0.44142996443332905,0.48822362379889983,50.59127616882324,"{""classifier__class_weight"": null, ""classifier__max_depth"": null, ""classifier__min_samples_leaf"": 5}",0.39787042751244484
random_forest,9,3,0.7414360347243085,0.37685781221139963,0.0076516668994627895,0.43999023570813567,0.49216369615578737,40.977648639678954,"{""classifier__class_weight"": null, ""classifier__max_depth"": 40, ""classifier__min_samples_leaf"": 2}",0.3645782225129089
random_forest,10,4,0.584291685046368,0.36473536481530305,0.006189357866091893,0.42921903059626254,0.4835831411312809,30.835030126571656,"{""classifier__class_weight"": null, ""classifier__max_depth"": 40, ""classifier__min_samples_leaf"": 5}",0.21955632023106492
random_forest,11,1,0.5308731988841158,0.35575255417003404,0.005909738212313263,0.4215938488239808,0.4802119870488541,24.073037528991698,"{""classifier__class_weight"": null, ""classifier__max_depth"": 20, ""classifier__min_samples_leaf"": 2}",0.17512064471408173
random_forest,12,2,0.45880612065368565,0.3516359235255839,0.006621375022338304,0.4175698077905762,0.4765785384752402,21.24978914260864,"{""classifier__class_weight"": null, ""classifier__max_depth"": 20, ""classifier__min_samples_leaf"": 5}",0.10717019712810172
xgboost,1,10,0.7894506634574386,0.41718835108171837,0.003988207408522155,0.4638649382473945,0.49268833287911945,492.4640347480774,"{""classifier__max_depth"": 7, ""classifier__min_child_weight"": 1, ""classifier__reg_lambda"": 10.0}",0.3722623123757203
xgboost,2,9,0.8177771608008297,0.41674104847625115,0.0020193788427644572,0.4660256896871996,0.49789878792257947,391.92280249595643,"{""classifier__max_depth"": 7, ""classifier__min_child_weight"": 1, ""classifier__reg_lambda"": 1.0}",0.4010361123245786
xgboost,3,11,0.7597787954330268,0.41338230789850205,0.0065940804281987685,0.4619656373358807,0.4930398030870132,296.44893846511843,"{""classifier__max_depth"": 7, ""classifier__min_child_weight"": 5, ""classifier__reg_lambda"": 1.0}",0.3463964875345248
xgboost,4,12,0.7433944957910863,0.40854441578735656,0.005943932565480864,0.4556877042415796,0.48537854402923974,345.1559649944305,"{""classifier__max_depth"": 7, ""classifier__min_child_weight"": 5, ""classifier__reg_lambda"": 10.0}",0.33485008000372973
xgboost,5,7,0.6671516899955544,0.4008150480303529,0.005597626311178176,0.4530557106332255,0.48909940488860093,184.97171845436097,"{""classifier__max_depth"": 5, ""classifier__min_child_weight"": 5, ""classifier__reg_lambda"": 1.0}",0.2663366419652015
xgboost,6,5,0.7074599373342182,0.40066979099125416,0.005097000736863688,0.4534991418589276,0.49001830796506046,232.59301042556763,"{""classifier__max_depth"": 5, ""classifier__min_child_weight"": 1, ""classifier__reg_lambda"": 1.0}",0.30679014634296403
xgboost,7,6,0.6713190396052424,0.400188784923668,0.0039724624700977216,0.45069481297861813,0.4848521341455497,260.29142479896547,"{""classifier__max_depth"": 5, ""classifier__min_child_weight"": 1, ""classifier__reg_lambda"": 10.0}",0.2711302546815744
xgboost,8,8,0.6426504208345545,0.39473279364691893,0.004748687361982218,0.4459815233355152,0.4809997616778662,205.68049530982972,"{""classifier__max_depth"": 5, ""classifier__min_child_weight"": 5, ""classifier__reg_lambda"": 10.0}",0.24791762718763555
xgboost,9,2,0.513348429761343,0.37841624996907436,0.004932843749590967,0.43447662376133644,0.47666585466246475,114.77324800491333,"{""classifier__max_depth"": 3, ""classifier__min_child_weight"": 1, ""classifier__reg_lambda"": 10.0}",0.13493217979226863
xgboost,10,1,0.5465046613855862,0.37721947902928066,0.005205890554894324,0.43618537900418825,0.4814383854794018,107.45674204826355,"{""classifier__max_depth"": 3, ""classifier__min_child_weight"": 1, ""classifier__reg_lambda"": 1.0}",0.16928518235630552
xgboost,11,3,0.5345629237408865,0.3767739124886815,0.005738252444065558,0.43548733305069237,0.48025666084848107,96.20454292297363,"{""classifier__max_depth"": 3, ""classifier__min_child_weight"": 5, ""classifier__reg_lambda"": 1.0}",0.15778901125220507
xgboost,12,4,0.50629571002277,0.37654117862635933,0.006879128763191889,0.4327943984909527,0.47535327025727697,100.19974145889282,"{""classifier__max_depth"": 3, ""classifier__min_child_weight"": 5, ""classifier__reg_lambda"": 10.0}",0.12975453139641063
