selection,feature_set,model,model_family,macro_f1_cv,macro_f1_cv_std,weighted_f1_cv,accuracy_cv,model_artifact,selection_rule
common_complement_naive_bayes,FS4,complement_naive_bayes,probabilistic,0.48033546348566,0.005298891588440537,0.49852166736148673,0.5021453114251634,03_model_FS4_complement_naive_bayes.joblib,"Classifier evaluated on the CV-selected common feature set; feature-set rule = mean Macro-F1 across all classifiers, then mean Weighted-F1, then mean Accuracy"
common_knn_cosine,FS4,knn_cosine,instance_based,0.5183844233734238,0.006534914273798155,0.5432846737015098,0.552097535414432,03_model_FS4_knn_cosine.joblib,"Classifier evaluated on the CV-selected common feature set; feature-set rule = mean Macro-F1 across all classifiers, then mean Weighted-F1, then mean Accuracy"
common_lightgbm,FS4,lightgbm,gradient_boosting,0.5327704892613976,0.005859476942423107,0.5595409977885577,0.5674638172942146,03_model_FS4_lightgbm.joblib,"Classifier evaluated on the CV-selected common feature set; feature-set rule = mean Macro-F1 across all classifiers, then mean Weighted-F1, then mean Accuracy"
common_linear_svm,FS4,linear_svm,linear,0.5168878211699612,0.01003872689598883,0.5359951395028261,0.5375634822894483,03_model_FS4_linear_svm.joblib,"Classifier evaluated on the CV-selected common feature set; feature-set rule = mean Macro-F1 across all classifiers, then mean Weighted-F1, then mean Accuracy"
common_logistic_regression,FS4,logistic_regression,linear_baseline,0.5173982313849791,0.008619789411006802,0.53330985943367,0.5328790633458549,03_model_FS4_logistic_regression.joblib,"Classifier evaluated on the CV-selected common feature set; feature-set rule = mean Macro-F1 across all classifiers, then mean Weighted-F1, then mean Accuracy"
common_random_forest,FS4,random_forest,bagging_ensemble,0.5255215936670241,0.00920794251930827,0.5530868818655528,0.5623844712645724,03_model_FS4_random_forest.joblib,"Classifier evaluated on the CV-selected common feature set; feature-set rule = mean Macro-F1 across all classifiers, then mean Weighted-F1, then mean Accuracy"
common_xgboost,FS4,xgboost,gradient_boosting,0.49506199573272563,0.008197731080999969,0.5322934752326546,0.5491197371086367,03_model_FS4_xgboost.joblib,"Classifier evaluated on the CV-selected common feature set; feature-set rule = mean Macro-F1 across all classifiers, then mean Weighted-F1, then mean Accuracy"
final_overall_model,FS5,lightgbm,gradient_boosting,0.5329635395193693,0.009737814525519688,0.5592180134779823,0.5668511164384962,03_model_FS5_lightgbm.joblib,"Highest CV Macro-F1 across all model-feature combinations; then Weighted-F1, then Accuracy"
text_only_core_model,FS1,knn_cosine,instance_based,0.4968153613304798,0.001649194601664571,0.5204547741674721,0.5258739909081387,03_model_FS1_knn_cosine.joblib,"Highest CV Macro-F1 within FS1; then Weighted-F1, then Accuracy"
