feature_set,features,model,model_family,priority,precision_mean,precision_std,recall_mean,recall_std,f1_mean,f1_std
FS1,Text,complement_naive_bayes,probabilistic,high,0.5190067796567871,0.005148386701956384,0.5822900993927149,0.020021657763797582,0.548685997753398,0.009173382440455655
FS1,Text,complement_naive_bayes,probabilistic,low,0.33639073952632154,0.007821351194024115,0.33715702001980996,0.010430998051162974,0.3367339789929584,0.008270370562171522
FS1,Text,complement_naive_bayes,probabilistic,medium,0.49155599109850606,0.009362280892662748,0.4325733887537491,0.017230257467871154,0.4599772263933583,0.010180531553630655
FS1,Text,knn_cosine,instance_based,high,0.5538516533488597,0.00706550513372678,0.5890073324138312,0.015160062566105552,0.5707419575448588,0.004899454379737825
FS1,Text,knn_cosine,instance_based,low,0.44565717719456666,0.009765173593312856,0.31994309708017177,0.015036247810160358,0.3722627824928529,0.01004322495513064
FS1,Text,knn_cosine,instance_based,medium,0.5268431590878322,0.009057738733655809,0.5699234229978981,0.009775507620375984,0.5474413439537276,0.004669545285308266
FS1,Text,lightgbm,gradient_boosting,high,0.5515016062865699,0.00468079555419578,0.5829608012578088,0.01882732682355575,0.5666994196807785,0.010431570378109899
FS1,Text,lightgbm,gradient_boosting,low,0.44100417756532834,0.01767104045133553,0.23688107921509166,0.011012745058126902,0.30813634693295916,0.012545679842985382
FS1,Text,lightgbm,gradient_boosting,medium,0.49712464852533067,0.011410884154592358,0.5869817915594078,0.009364904948044553,0.5382249476002016,0.006843763131939269
FS1,Text,linear_svm,linear,high,0.5460987960011116,0.006973674880845814,0.5550850957299546,0.01795630132477059,0.5504576707144145,0.010572416637198129
FS1,Text,linear_svm,linear,low,0.3731880650309196,0.01483804573511971,0.34055607825618045,0.012943670534888114,0.3561097534822947,0.013577722641440233
FS1,Text,linear_svm,linear,medium,0.49824222053066186,0.012896717100854454,0.5124424934463784,0.015241251229156918,0.5051769255887143,0.012554772841799637
FS1,Text,logistic_regression,linear_baseline,high,0.5472891620756096,0.008805551359064774,0.5399715250931983,0.022745651889665992,0.5434601228149025,0.014044969694621087
FS1,Text,logistic_regression,linear_baseline,low,0.36896351237823494,0.010532842684681572,0.38092263053037945,0.014088614270580013,0.374828397116041,0.012005336741921448
FS1,Text,logistic_regression,linear_baseline,medium,0.5017573262275568,0.014810458917863721,0.4997286446402002,0.010337121658730608,0.5006451841665298,0.0101902026473436
FS1,Text,random_forest,bagging_ensemble,high,0.5572155837212771,0.008071799700523618,0.5470213204611382,0.01703584201250208,0.5519737912675572,0.01075988638287505
FS1,Text,random_forest,bagging_ensemble,low,0.4546801970559299,0.023298110404584883,0.21945687268592162,0.009416523152855011,0.2959509518254445,0.01246786317978449
FS1,Text,random_forest,bagging_ensemble,medium,0.4838279363550522,0.005987750580708735,0.620231679380299,0.010849358953988494,0.5435556396207561,0.005710041275896282
FS1,Text,xgboost,gradient_boosting,high,0.5367597065313066,0.010209076566456657,0.5450050163210596,0.016919569666978246,0.540731855819471,0.010778744426332308
FS1,Text,xgboost,gradient_boosting,low,0.4528838216453461,0.029917760744452574,0.10686129180006813,0.01046116323942867,0.17260527723453406,0.013787080362583415
FS1,Text,xgboost,gradient_boosting,medium,0.46483995767345254,0.004851139827849977,0.6392456250147605,0.01397041100817643,0.53822792019115,0.007113744722613804
FS2,Text + type,complement_naive_bayes,probabilistic,high,0.5137113610362073,0.0039893530164868095,0.5850894634698404,0.019814504925296503,0.5469648611140773,0.009445098350683079
FS2,Text + type,complement_naive_bayes,probabilistic,low,0.337572680719834,0.006332624849902354,0.3299335982184558,0.009956719312467834,0.3336525306488521,0.006857039759684957
FS2,Text + type,complement_naive_bayes,probabilistic,medium,0.4893573150245823,0.009521524137744729,0.4287708712183832,0.014897841897229072,0.45686659602433916,0.007955472391165308
FS2,Text + type,knn_cosine,instance_based,high,0.5200180049801721,0.03097483368891016,0.5514109930435753,0.10467015811676013,0.5286991904316107,0.03362457626630055
FS2,Text + type,knn_cosine,instance_based,low,0.47603541267371385,0.08254354376671356,0.3222505759107964,0.07832250357211007,0.372209045264012,0.030870439219712817
FS2,Text + type,knn_cosine,instance_based,medium,0.526284370059366,0.0290018894357814,0.5611079753442128,0.08742322137404963,0.5386000963490494,0.026701801325602216
FS2,Text + type,lightgbm,gradient_boosting,high,0.5527913503024893,0.011142383329056796,0.5850883355025814,0.01622067435252542,0.5683761805727527,0.010721094520067507
FS2,Text + type,lightgbm,gradient_boosting,low,0.45126428872855096,0.027371387672924657,0.24389083303437867,0.015917362037400688,0.31660273174809417,0.019742750204242765
FS2,Text + type,lightgbm,gradient_boosting,medium,0.5002755103581205,0.008570221805366084,0.5892624518810665,0.016944400265545324,0.5410294427417488,0.009328245784131968
FS2,Text + type,linear_svm,linear,high,0.5438753300568802,0.008140592943949315,0.557100522562165,0.01788014003006971,0.5503254724543173,0.011393033860256146
FS2,Text + type,linear_svm,linear,low,0.37427058852824874,0.016018503420375082,0.33970794948681327,0.01387637276768131,0.35613348052503946,0.014595802005775163
FS2,Text + type,linear_svm,linear,medium,0.4978655608243804,0.014653525729008398,0.5095087735871336,0.014936656044314624,0.5035746232172785,0.01383366091103488
FS2,Text + type,logistic_regression,linear_baseline,high,0.5466046011591005,0.009511136004555172,0.5399710237744165,0.01837680684711547,0.5431622267160067,0.011968186243700583
FS2,Text + type,logistic_regression,linear_baseline,low,0.369851064990464,0.012559947579714686,0.3830491571734456,0.013751671197823856,0.37632316179977493,0.01294910181736066
FS2,Text + type,logistic_regression,linear_baseline,medium,0.5014442751379423,0.015649734942190494,0.4979905769548686,0.014378230171933945,0.49963522361539425,0.01340136753858645
FS2,Text + type,random_forest,bagging_ensemble,high,0.5645558344728345,0.005525139216979462,0.5575457563051802,0.024144236656201842,0.5608298046000806,0.01334993533824594
FS2,Text + type,random_forest,bagging_ensemble,low,0.4587701890839674,0.025615707703389223,0.22540189661357682,0.015900298102119972,0.30222725528681293,0.019411051424846146
FS2,Text + type,random_forest,bagging_ensemble,medium,0.4892063466091189,0.007326722092734117,0.6221872564532508,0.014392819496517398,0.547609080000535,0.004273718780639251
FS2,Text + type,xgboost,gradient_boosting,high,0.5368649782458729,0.012951731855350415,0.5441092223229733,0.02109388547274318,0.5403752575678231,0.015777278887452267
FS2,Text + type,xgboost,gradient_boosting,low,0.4627969522899121,0.021921126742979958,0.11025989878410059,0.008936283906368154,0.17792008847506297,0.011890603395913909
FS2,Text + type,xgboost,gradient_boosting,medium,0.46508862525997136,0.00458626694672959,0.6401161939399664,0.009845291904360304,0.5387164141733494,0.005245609025452042
FS3,Text + type + language,complement_naive_bayes,probabilistic,high,0.5135187900303009,0.003371987980643878,0.5839700186302592,0.019551878084560274,0.5463761559506758,0.009468833704840428
FS3,Text + type + language,complement_naive_bayes,probabilistic,low,0.3381545692229673,0.0053512103717221465,0.32823463316569307,0.010702504273069763,0.3330627615756635,0.007037164972322847
FS3,Text + type + language,complement_naive_bayes,probabilistic,medium,0.4887987517218785,0.009692379732214918,0.43083585244314293,0.01323789300755646,0.45782069369471723,0.00708756215752999
FS3,Text + type + language,knn_cosine,instance_based,high,0.5055479020779631,0.012143151814131494,0.540198309177079,0.03346795838367861,0.5216128562560857,0.011245219396531975
FS3,Text + type + language,knn_cosine,instance_based,low,0.5056070717155442,0.03799187077435811,0.265126768063067,0.036638134019279456,0.3452523824012548,0.02067233100749575
FS3,Text + type + language,knn_cosine,instance_based,medium,0.5004961791927774,0.013708204092699109,0.585787733509671,0.034118774176464126,0.5391232608933619,0.011038480106969888
FS3,Text + type + language,lightgbm,gradient_boosting,high,0.5523302519008022,0.005544218290745855,0.5868793595151245,0.020012183595907104,0.5689502434645589,0.010427600929954626
FS3,Text + type + language,lightgbm,gradient_boosting,low,0.4493030025306487,0.021598000142707262,0.23921992008321094,0.01236890731642534,0.31213590165704164,0.014786671495397832
FS3,Text + type + language,lightgbm,gradient_boosting,medium,0.49880412922710626,0.01239186620536831,0.5874158656684694,0.012017805136744143,0.539368924741998,0.008306266582645093
FS3,Text + type + language,linear_svm,linear,high,0.5440875900212067,0.008662275650931816,0.5569883524847552,0.017689615040755245,0.550372493376775,0.011268045739527686
FS3,Text + type + language,linear_svm,linear,low,0.3753120979440635,0.0159011181792537,0.3405572063870256,0.012980642783685358,0.3570758266067144,0.014109015346577934
FS3,Text + type + language,linear_svm,linear,medium,0.4987290818468974,0.015056357504204998,0.5107040124695935,0.015733056824202587,0.5045893787428234,0.01423737524117077
FS3,Text + type + language,logistic_regression,linear_baseline,high,0.5473767763393905,0.00907301631175823,0.540754647695093,0.018022795708730933,0.5439526717976697,0.011883215720918792
FS3,Text + type + language,logistic_regression,linear_baseline,low,0.36890004710919483,0.012222433669473821,0.3828368429483925,0.01321181592704428,0.37572584011428695,0.012465240875178684
FS3,Text + type + language,logistic_regression,linear_baseline,medium,0.50175672151319,0.015232045074522933,0.4977734808587016,0.013142550806156233,0.49969807670928124,0.012893926240924346
FS3,Text + type + language,random_forest,bagging_ensemble,high,0.5613895003945708,0.004937518258138999,0.5497085144608536,0.020871142084813943,0.5552758450612776,0.009704669546489367
FS3,Text + type + language,random_forest,bagging_ensemble,low,0.4591520575642252,0.026873288862182727,0.22561443646479895,0.015673723534257417,0.3025387200446888,0.01978089457231619
FS3,Text + type + language,random_forest,bagging_ensemble,medium,0.4852253836324457,0.004488641467694456,0.6211002408898756,0.017096119414798293,0.5447043656050873,0.00583102287679531
FS3,Text + type + language,xgboost,gradient_boosting,high,0.5336656170897589,0.00912354784714585,0.5422062788924114,0.021972282931030457,0.5377810003103008,0.014179307203931846
FS3,Text + type + language,xgboost,gradient_boosting,low,0.4551569519032131,0.026379056483207153,0.10919697390182104,0.00979917224834738,0.1760038214175491,0.013778702046789925
FS3,Text + type + language,xgboost,gradient_boosting,medium,0.46256895281444665,0.006058217914691192,0.6351174338143258,0.007665267157047196,0.5352425918077545,0.004499437529726525
FS4,Text + type + language + queue,complement_naive_bayes,probabilistic,high,0.553082178259986,0.007539168955765906,0.6339013692895874,0.019835884445394213,0.5906507557519564,0.011297270504098962
FS4,Text + type + language + queue,complement_naive_bayes,probabilistic,low,0.3827533863338476,0.0031300502633422374,0.3800713429946459,0.015048362828094398,0.3812940855599573,0.008034279818768177
FS4,Text + type + language + queue,complement_naive_bayes,probabilistic,medium,0.5070733042359521,0.00908065076686095,0.4367028788701792,0.013076118916959707,0.4690615491450664,0.004345368391329915
FS4,Text + type + language + queue,knn_cosine,instance_based,high,0.5787182481701039,0.014374218870338105,0.634792463424095,0.02662289636483544,0.6049909905836778,0.008548850590740764
FS4,Text + type + language + queue,knn_cosine,instance_based,low,0.5278487384296063,0.02373564189367938,0.3069867399500464,0.03609583837009954,0.38665993909993734,0.025919181983647108
FS4,Text + type + language + queue,knn_cosine,instance_based,medium,0.5347608168928606,0.0074150837667901065,0.5972000094466619,0.04238883280533703,0.5635023404366565,0.014808712527133719
FS4,Text + type + language + queue,lightgbm,gradient_boosting,high,0.6227609066173565,0.011002745560802975,0.6534922806307343,0.014492571576177659,0.6376245125587935,0.007702562191324298
FS4,Text + type + language + queue,lightgbm,gradient_boosting,low,0.5157019875540951,0.016878695252627172,0.3142167049103023,0.013367600253380615,0.3904429862308552,0.014234374918694188
FS4,Text + type + language + queue,lightgbm,gradient_boosting,medium,0.532941221591433,0.011022458937741557,0.6134939069031481,0.016957670547220298,0.570243968994544,0.00957539087565934
FS4,Text + type + language + queue,linear_svm,linear,high,0.602727499072664,0.007294085681362174,0.6260639394507176,0.015069601858549437,0.6141148031886953,0.009486287999644651
FS4,Text + type + language + queue,linear_svm,linear,low,0.4310970910714513,0.014498756702545107,0.39813023593728497,0.013793343880810098,0.4139547683115289,0.01407788028814301
FS4,Text + type + language + queue,linear_svm,linear,medium,0.5222867329505922,0.012827283432316677,0.5229821930425336,0.01206822016169247,0.5225938920096594,0.01138550017142957
FS4,Text + type + language + queue,logistic_regression,linear_baseline,high,0.6068192266583223,0.007089795229279635,0.6027766167374049,0.01518987989528136,0.6046801386176123,0.00747888906033639
FS4,Text + type + language + queue,logistic_regression,linear_baseline,low,0.42260130566388837,0.01227213708709485,0.44040648810611654,0.018432267142117667,0.4313011273067664,0.015137241863087233
FS4,Text + type + language + queue,logistic_regression,linear_baseline,medium,0.5203010458009202,0.011496224634319362,0.5123334435443875,0.013346508011992084,0.5162134282305588,0.010469923205320449
FS4,Text + type + language + queue,random_forest,bagging_ensemble,high,0.6131590365645885,0.004505359242974342,0.6530430990023129,0.01910114134501839,0.6323718958593237,0.009935310439774475
FS4,Text + type + language + queue,random_forest,bagging_ensemble,low,0.5262067263320478,0.015823173725799566,0.2963592961366031,0.0204366799990535,0.379040382813489,0.020403221026809942
FS4,Text + type + language + queue,random_forest,bagging_ensemble,medium,0.5262698789867781,0.011111019127783324,0.6104533807240866,0.006818507095562342,0.5651525023282599,0.005479431011475872
FS4,Text + type + language + queue,xgboost,gradient_boosting,high,0.6128960699883736,0.011433907380761915,0.6334509970290596,0.01787340184955635,0.6229328742808342,0.012918052413752691
FS4,Text + type + language + queue,xgboost,gradient_boosting,low,0.5215824184765591,0.024968084248367016,0.20883664890988718,0.008279444717427692,0.298200806971061,0.011706231359184796
FS4,Text + type + language + queue,xgboost,gradient_boosting,medium,0.5034513132112824,0.00688328186298655,0.6413122003636965,0.010092162678216563,0.5640523059462818,0.006956218188534827
FS5,Text + type + language + queue + sentiment,complement_naive_bayes,probabilistic,high,0.5506591055236731,0.008695409285591173,0.6312143006195673,0.019208841424251027,0.588100517303312,0.011342024856190236
FS5,Text + type + language + queue + sentiment,complement_naive_bayes,probabilistic,low,0.38102130462706274,0.007102299763657193,0.3768839221048214,0.016323139501845888,0.3788212382167555,0.010113895425394604
FS5,Text + type + language + queue + sentiment,complement_naive_bayes,probabilistic,medium,0.5044093586756574,0.008753666246599746,0.43529007155846305,0.013889042190751866,0.4670949213480924,0.005105706191077994
FS5,Text + type + language + queue + sentiment,knn_cosine,instance_based,high,0.5703439823466541,0.01543639016266106,0.6339000533277854,0.026717088734424972,0.6000560035235197,0.012618795913860373
FS5,Text + type + language + queue + sentiment,knn_cosine,instance_based,low,0.5341155616542748,0.01981694928663016,0.3078398324951321,0.01952982609938649,0.3901059867921738,0.015236222528352956
FS5,Text + type + language + queue + sentiment,knn_cosine,instance_based,medium,0.5343869022873512,0.013588821086764789,0.5911149422572798,0.033222292495962265,0.5607978221819522,0.01416708019714841
FS5,Text + type + language + queue + sentiment,lightgbm,gradient_boosting,high,0.6226057754587095,0.007577144120307295,0.6547235195586389,0.01480840868399214,0.6381724126564755,0.008014272434847832
FS5,Text + type + language + queue + sentiment,lightgbm,gradient_boosting,low,0.5167043509904099,0.023503987094866962,0.31740232079077463,0.012885573961612945,0.3932358773803134,0.01662014196501774
FS5,Text + type + language + queue + sentiment,lightgbm,gradient_boosting,medium,0.5312597642796575,0.012052401142118955,0.6091488557730912,0.008709307344089808,0.5674823285213189,0.008760873789540623
FS5,Text + type + language + queue + sentiment,linear_svm,linear,high,0.6010351097760956,0.007089167886610119,0.624384521531955,0.014004355257675368,0.6124422586420364,0.009209460537258669
FS5,Text + type + language + queue + sentiment,linear_svm,linear,low,0.4305140573656433,0.015357388060515821,0.39706843918585055,0.015358333434070824,0.4131130139853624,0.01535312316587146
FS5,Text + type + language + queue + sentiment,linear_svm,linear,medium,0.5219135954621801,0.013354863029020734,0.5228737925985405,0.011094754577309185,0.5223578492200602,0.01133275861982117
FS5,Text + type + language + queue + sentiment,logistic_regression,linear_baseline,high,0.6069524889375962,0.00583796473699014,0.6026641960006041,0.012808870117186382,0.6047198682437526,0.006180613551859447
FS5,Text + type + language + queue + sentiment,logistic_regression,linear_baseline,low,0.42045462347005785,0.012552587787445986,0.44253075848749235,0.01938133267018765,0.431172853781585,0.015401758827987416
FS5,Text + type + language + queue + sentiment,logistic_regression,linear_baseline,medium,0.5220304744006007,0.010623354948220252,0.5114636421604516,0.009678136141249278,0.5166348132916182,0.008138401013991192
FS5,Text + type + language + queue + sentiment,random_forest,bagging_ensemble,high,0.6111194952153971,0.007876724820769333,0.6492374628005797,0.02020038958285911,0.6294712387229657,0.011005104335984554
FS5,Text + type + language + queue + sentiment,random_forest,bagging_ensemble,low,0.5351794324905367,0.01683599404528241,0.2876474184981871,0.024002830585545296,0.37391067670791767,0.023518922084922726
FS5,Text + type + language + queue + sentiment,random_forest,bagging_ensemble,medium,0.5247412620073127,0.01129529230386866,0.6168632949956309,0.008285943968264655,0.5669786186242659,0.005559509947037583
FS5,Text + type + language + queue + sentiment,xgboost,gradient_boosting,high,0.6155386454097211,0.012762340508399035,0.6402802121330425,0.016968591522717496,0.6276319916140916,0.014020557672465352
FS5,Text + type + language + queue + sentiment,xgboost,gradient_boosting,low,0.5300155335033987,0.03298519663184518,0.2118117555746586,0.009115655333332745,0.3026436607159912,0.014624473092513817
FS5,Text + type + language + queue + sentiment,xgboost,gradient_boosting,medium,0.503710215494763,0.007890383359689163,0.6385952813924379,0.010848981694942412,0.5631703530886805,0.008430344737461458
