feature_set,features,model,model_family,mean_macro_f1,std_macro_f1,mean_weighted_f1,std_weighted_f1,mean_accuracy,std_accuracy,mean_macro_precision,mean_macro_recall,feature_rank,delta_vs_fs1,delta_vs_previous,best_params
FS5,Text + type + language + queue + sentiment,lightgbm,gradient_boosting,0.5329635395193693,0.009737814525519688,0.5592180134779823,0.008909234428906766,0.5668511164384962,0.009032485423041291,0.5568566302429256,0.5270915653741681,4,0.061943301448056154,0.00019305025797167197,"{""classifier__min_child_samples"": 10, ""classifier__num_leaves"": 63, ""classifier__reg_lambda"": 0.0}"
FS4,Text + type + language + queue,lightgbm,gradient_boosting,0.5327704892613976,0.005859476942423107,0.5595409977885577,0.005913076147894793,0.5674638172942146,0.0063093101941779075,0.5571347052542948,0.5270676308147282,3,0.06175025119008448,0.059285465973531404,"{""classifier__min_child_samples"": 10, ""classifier__num_leaves"": 63, ""classifier__reg_lambda"": 0.0}"
FS4,Text + type + language + queue,random_forest,bagging_ensemble,0.5255215936670241,0.00920794251930827,0.5530868818655528,0.00772805623431531,0.5623844712645724,0.007288528389625697,0.5552118806278048,0.5199519252876675,3,0.061694799429104885,0.058015283430006226,"{""classifier__class_weight"": ""balanced_subsample"", ""classifier__max_depth"": null, ""classifier__min_samples_leaf"": 2}"
FS5,Text + type + language + queue + sentiment,random_forest,bagging_ensemble,0.5234535113517164,0.010706622379359581,0.5516315939101686,0.008911441304226475,0.5616840417341366,0.0078731910854654,0.5570133965710822,0.5179160587647992,4,0.059626717113797134,-0.002068082315307751,"{""classifier__class_weight"": ""balanced_subsample"", ""classifier__max_depth"": null, ""classifier__min_samples_leaf"": 2}"
FS4,Text + type + language + queue,knn_cosine,instance_based,0.5183844233734238,0.006534914273798155,0.5432846737015098,0.003923844916830161,0.552097535414432,0.003469319665258486,0.5471092678308569,0.5129930709402677,3,0.02156906204294401,0.049721590189856335,"{""classifier__n_neighbors"": 5, ""classifier__weights"": ""distance""}"
FS5,Text + type + language + queue + sentiment,logistic_regression,linear_baseline,0.5175091784389853,0.007360334277736924,0.5334687223562355,0.0065694528886542265,0.5329223191029312,0.006449501429087163,0.5164791956027517,0.5188861988828494,4,0.044531277073160846,0.00011094705400616078,"{""classifier__C"": 10.0, ""classifier__class_weight"": ""balanced""}"
FS4,Text + type + language + queue,logistic_regression,linear_baseline,0.5173982313849791,0.008619789411006802,0.53330985943367,0.008035947241424637,0.5328790633458549,0.007947865498265904,0.5165738593743769,0.518505516129303,3,0.044420330019154686,0.04427270184456639,"{""classifier__C"": 10.0, ""classifier__class_weight"": ""balanced""}"
FS5,Text + type + language + queue + sentiment,knn_cosine,instance_based,0.5169866041658819,0.010501329039789325,0.5409743561625087,0.010333074533548899,0.5494710535211429,0.009740856869774935,0.54628214876276,0.5109516093600657,4,0.020171242835402114,-0.001397819207541895,"{""classifier__n_neighbors"": 5, ""classifier__weights"": ""distance""}"
FS4,Text + type + language + queue,linear_svm,linear,0.5168878211699612,0.01003872689598883,0.5359951395028261,0.009843999999703815,0.5375634822894483,0.00994818087936574,0.5187037743649026,0.5157254561435121,3,0.04630637124148679,0.04620858826119034,"{""classifier__C"": 1.0, ""classifier__class_weight"": ""balanced""}"
FS5,Text + type + language + queue + sentiment,linear_svm,linear,0.5159710406158198,0.010191513196146343,0.5350725277666006,0.009854379522558025,0.5366442438811581,0.009902243021413518,0.517820920867973,0.514775584438782,4,0.04538959068734533,-0.0009167805541414609,"{""classifier__C"": 1.0, ""classifier__class_weight"": ""balanced""}"
FS5,Text + type + language + queue + sentiment,xgboost,gradient_boosting,0.49781533513958776,0.00930597535537124,0.5346909003601203,0.009495849548095459,0.5513082370282026,0.009870719276158998,0.549754798135961,0.49689574970004635,4,0.08062698405786939,0.002753339406862121,"{""classifier__max_depth"": 7, ""classifier__min_child_weight"": 1, ""classifier__reg_lambda"": 10.0}"
FS1,Text,knn_cosine,instance_based,0.4968153613304798,0.001649194601664571,0.5204547741674721,0.002189660957482206,0.5258739909081387,0.0031287140395399454,0.5087839965437528,0.4929579508306336,0,0.0,,"{""classifier__n_neighbors"": 5, ""classifier__weights"": ""distance""}"
FS4,Text + type + language + queue,xgboost,gradient_boosting,0.49506199573272563,0.008197731080999969,0.5322934752326546,0.008461862870953506,0.5491197371086367,0.008692895424625433,0.5459766005587384,0.4945332821008811,3,0.07787364465100727,0.07871952455419085,"{""classifier__max_depth"": 7, ""classifier__min_child_weight"": 1, ""classifier__reg_lambda"": 10.0}"
FS4,Text + type + language + queue,complement_naive_bayes,probabilistic,0.48033546348566,0.005298891588440537,0.49852166736148673,0.004807141146565681,0.5021453114251634,0.005124411203669891,0.48096962294326184,0.4835585303848042,3,0.031869729105755085,0.03458225974530782,"{""classifier__alpha"": 0.05}"
FS2,Text + type,knn_cosine,instance_based,0.4798361106815573,0.00556319135329007,0.5004422883606068,0.0009069054787362327,0.5080999595619535,0.005524832588526059,0.5074459292377507,0.47825651476619485,1,-0.016979250648922528,-0.016979250648922528,"{""classifier__n_neighbors"": 5, ""classifier__weights"": ""distance""}"
FS5,Text + type + language + queue + sentiment,complement_naive_bayes,probabilistic,0.4780055589560533,0.006000047607929761,0.4962226779821804,0.005416057021198772,0.49986860377282394,0.005600135135400809,0.47869658960879774,0.4811294314276172,4,0.0295398245761484,-0.0023299045296066856,"{""classifier__alpha"": 0.05}"
FS2,Text + type,lightgbm,gradient_boosting,0.4753361183541986,0.009124022676002212,0.5054772160557688,0.00844347839732329,0.5164620122675069,0.008287146571473314,0.5014437164630536,0.4727472068060089,1,0.004315880282885487,0.004315880282885487,"{""classifier__min_child_samples"": 10, ""classifier__num_leaves"": 63, ""classifier__reg_lambda"": 0.0}"
FS3,Text + type + language,lightgbm,gradient_boosting,0.4734850232878662,0.007949046157099867,0.5041117363232415,0.007756096032638517,0.515455352133499,0.007558119566218823,0.5001457945528525,0.4711717150889349,2,0.002464785216553078,-0.0018510950663324088,"{""classifier__min_child_samples"": 10, ""classifier__num_leaves"": 63, ""classifier__reg_lambda"": 0.0}"
FS3,Text + type + language,logistic_regression,linear_baseline,0.4731255295404127,0.011395995805668482,0.4914566582833541,0.011434355956612689,0.4908961593969693,0.011511794976013578,0.47267784832059173,0.4737883238340624,2,0.00014762817458829902,8.532549668743838e-05,"{""classifier__C"": 10.0, ""classifier__class_weight"": ""balanced""}"
FS2,Text + type,logistic_regression,linear_baseline,0.47304020404372527,0.011719576659889187,0.4912453577897308,0.011726628254467235,0.49072100885811193,0.011774287147479438,0.4726333137625023,0.47367025263424356,1,6.230267790086064e-05,6.230267790086064e-05,"{""classifier__C"": 10.0, ""classifier__class_weight"": ""balanced""}"
FS1,Text,logistic_regression,linear_baseline,0.4729779013658244,0.009495926268479787,0.49146094222513337,0.009920011275288425,0.4909836100340385,0.010075890426134847,0.4726700002271338,0.47354093342125936,0,0.0,,"{""classifier__C"": 10.0, ""classifier__class_weight"": ""balanced""}"
FS1,Text,lightgbm,gradient_boosting,0.4710202380713131,0.006940925428762642,0.5019466906567343,0.006932168073764692,0.5132664114316963,0.006661740947264655,0.49654347745907634,0.46894122401076943,0,0.0,,"{""classifier__min_child_samples"": 10, ""classifier__num_leaves"": 63, ""classifier__reg_lambda"": 0.0}"
FS3,Text + type + language,linear_svm,linear,0.4706792329087709,0.011508886580354271,0.49209468856149,0.011579499105152756,0.4937415073112891,0.011744912419813814,0.4727095899373892,0.4694165237804581,2,9.778298029644583e-05,0.0006680408432258034,"{""classifier__C"": 1.0, ""classifier__class_weight"": ""balanced""}"
FS1,Text,linear_svm,linear,0.47058144992847445,0.009266464581923551,0.49216579587383225,0.009363200228379834,0.4936975423630557,0.009502994005999238,0.472509693854231,0.46936122247750445,0,0.0,,"{""classifier__C"": 1.0, ""classifier__class_weight"": ""balanced""}"
FS2,Text + type,random_forest,bagging_ensemble,0.4702220466291429,0.0052688908681389115,0.5022153792813542,0.004493590829953804,0.5151479044196976,0.004180443417694265,0.5041774567219737,0.46837830312400264,1,0.0063952523912236825,0.0063952523912236825,"{""classifier__class_weight"": ""balanced_subsample"", ""classifier__max_depth"": null, ""classifier__min_samples_leaf"": 2}"
FS2,Text + type,linear_svm,linear,0.4700111920655451,0.011408420996443396,0.49147323528622805,0.011340921479155651,0.4931287200235276,0.011481361255310147,0.4720038264698364,0.46877241521203733,1,-0.0005702578629293575,-0.0005702578629293575,"{""classifier__C"": 1.0, ""classifier__class_weight"": ""balanced""}"
FS3,Text + type + language,knn_cosine,instance_based,0.4686628331835675,0.0023843649419406365,0.4923259450219798,0.0033017682745145323,0.5018833519637947,0.00591944822577054,0.5038837176620948,0.46370427024993904,2,-0.028152528146912326,-0.011173277497989798,"{""classifier__n_neighbors"": 5, ""classifier__weights"": ""distance""}"
FS3,Text + type + language,random_forest,bagging_ensemble,0.4675063102370179,0.005024389897555693,0.4989372186089132,0.0027037540236336155,0.5116889258031236,0.002082209703500033,0.5019223138637472,0.46547439727184264,2,0.0036795159990986592,-0.0027157363921250233,"{""classifier__class_weight"": ""balanced_subsample"", ""classifier__max_depth"": null, ""classifier__min_samples_leaf"": 2}"
FS1,Text,random_forest,bagging_ensemble,0.4638267942379192,0.005248320423188202,0.4958252254354477,0.005238349487466763,0.5090186230527578,0.0049088830422764854,0.49857457237741976,0.4622366241757862,0,0.0,,"{""classifier__class_weight"": ""balanced_subsample"", ""classifier__max_depth"": null, ""classifier__min_samples_leaf"": 2}"
FS1,Text,complement_naive_bayes,probabilistic,0.4484657343799049,0.005427712160745261,0.4692692700403538,0.005517888423037237,0.47145593643684497,0.005410342383526166,0.4489845034272049,0.45067350272209133,0,0.0,,"{""classifier__alpha"": 0.05}"
FS2,Text + type,complement_naive_bayes,probabilistic,0.4458279959290895,0.003972269333905403,0.4667080367051092,0.0044103500352335534,0.46953014308069285,0.004537847732138709,0.44688045226020784,0.4479313109688931,1,-0.0026377384508153856,-0.0026377384508153856,"{""classifier__alpha"": 0.05}"
FS3,Text + type + language,complement_naive_bayes,probabilistic,0.44575320374035216,0.003818060426476553,0.46674059117098177,0.004241086670285681,0.4695741175821512,0.0045325276497093486,0.4468240369917155,0.4476801680796984,2,-0.002712530639552735,-7.479218873734927e-05,"{""classifier__alpha"": 0.05}"
FS2,Text + type,xgboost,gradient_boosting,0.41900392007207843,0.004899185627480455,0.46501795704135807,0.006348934974800545,0.49338960577371277,0.007329263744471907,0.48825018526525205,0.4314951050156801,1,0.0018155689903600614,0.0018155689903600614,"{""classifier__max_depth"": 7, ""classifier__min_child_weight"": 1, ""classifier__reg_lambda"": 10.0}"
FS1,Text,xgboost,gradient_boosting,0.41718835108171837,0.004458951436911906,0.4638649382473945,0.005024746534991472,0.49268833287911945,0.00612957842144672,0.48482782861670176,0.4303706443786293,0,0.0,,"{""classifier__max_depth"": 7, ""classifier__min_child_weight"": 1, ""classifier__reg_lambda"": 10.0}"
FS3,Text + type + language,xgboost,gradient_boosting,0.4163424711785348,0.0016069756966465443,0.4622090768933935,0.004243197556304597,0.49041240151702103,0.006025438685359225,0.48379717393580624,0.42884022886951934,2,-0.0008458799031835773,-0.0026614488935436387,"{""classifier__max_depth"": 7, ""classifier__min_child_weight"": 1, ""classifier__reg_lambda"": 10.0}"
