review_id,source_row_id,priority,declared_language,version,type,queue,text,priority_assessment,missing_context_required,review_comment,evaluator_role,author_confirmation
1,4229,high,de,52,Request,Product Support,"Mailchimp Integration with Ruby on Rails 6.1 Sehr geehrter Kundensupport, ich suche Unterstützung bei der Integration von Mailchimp in eine Ruby on Rails 6.1 Anwendung, um optimierte Investitionsanalysen zu erhalten. Beim Versuch, die Integration einzurichten, stoße ich auf Herausforderungen. Könnten Sie bitte eine detaillierte Schritt-für-Schritt-Anleitung bereitstellen, um Mailchimp erfolgreich in eine Ruby on Rails-Anwendung zu integrieren? Ich freue mich auch über Empfehlungen zur Verbesserung der Investitionsanalysen durch die Integration. Besonders interessiert mich, wie ich die Mailchimp-API nutzen kann, um E-Mail-Öffnungen, Klicks und Conversions zu verfolgen und diese Daten zur Unterstützung von Investitionsentscheidungen zu verwenden.",not_observable_from_text,yes,"A procedural integration request contains no clear urgency, impact, or severity cues that justify a high label.",Author,confirmed
2,13925,high,de,400,Incident,Product Support,"Hilfe bei Datenvorfall Ein neuer Datenaufload verursachte Fehlern in den Leistungsmaßstäben der Anlagenbelegungen aufgrund eines Datenaufgabenerors. Ich habe versucht, die Daten erneut hochzuladen, aber der Fehler besteht weiterhin. Ich benötige Unterstützung, um diesen zu beheben.",partly_supported,yes,"A persistent data-upload error affects investment metrics, but the extent and business impact are not sufficiently specified.",Author,confirmed
3,6156,high,de,52,Incident,Product Support,"Support-Team Vorfallmeldung Das Krankenhaus-IT-System hat unbefugte Zugriffsversuche auf medizinische Daten erlebt, möglicherweise verursacht durch veraltete Sicherheitspatches. Obwohl grundlegende Firewall-Regeln implementiert und die Software aktualisiert wurden, bestehen die Probleme weiterhin. Angesichts der Bedenken bezüglich der Sicherheit unserer Patientendaten bitten wir um Unterstützung bei einer schnellen Lösung des Problems. Könnten Sie bitte Anweisungen geben, wie wir die Untersuchungen und Behebungsmaßnahmen weiterführen sollen?",clearly_supported,no,Unauthorized access attempts involving medical data and unresolved security concerns clearly support high urgency.,Author,confirmed
4,9385,high,de,52,Problem,Customer Service,"Die Datenanalyseplattform zur Investitionsoptimierung ist wiederholt abgestürzt. Dies könnte möglicherweise auf Softwarefehler oder eine Überlastung der Daten zurückzuführen sein. Unsere bisherigen Maßnahmen umfassten einen Systemneustart und grundlegende Diagnosen, jedoch bestehen die Probleme weiterhin.",clearly_supported,no,Repeated platform crashes remain unresolved and plausibly justify high priority.,Author,confirmed
5,10691,high,de,400,Incident,IT Support,Unbefugtes Zugriffskontrolliert unbefugtes Zugriffskontrolliert Krankenhaus-IT-System festgestellt.,partly_supported,yes,"Unauthorized access in a hospital system suggests high severity, but the text is too fragmentary for a fully reliable assessment.",Author,confirmed
6,12810,high,en,400,Problem,IT Support,Problem with Project Dashboards Users are unable to access the dashboard updates; clearing the cache resolves the issue.,partly_supported,yes,"Users cannot access dashboard updates, but cache clearing resolves the problem; the extent and duration are unclear.",Author,confirmed
7,8245,high,en,52,Problem,IT Support,"Data Security Breach in Healthcare Systems Customer Support, I am writing to highlight a serious concern regarding data breaches affecting healthcare providers. Recently, there have been incidents where patient information security was compromised due to misconfigured hospital systems. Despite initial measures such as updating firewalls and performing antivirus scans, the problem remains unresolved. It is crucial to address this issue promptly to safeguard sensitive patient data. I would appreciate it if you could investigate this matter and provide a solution to prevent such breaches in the future.",clearly_supported,no,A continuing patient-data security breach clearly supports high priority.,Author,confirmed
8,9709,high,en,52,Incident,Technical Support,"Incident of Security Breach A security breach has compromised medical data in the hospital systems, likely due to outdated software and weak access controls. Initial investigation included reviewing logs and rebooting affected devices, but the issue still persists. Assistance is needed to resolve the matter and prevent further breaches.",clearly_supported,no,Compromised medical data and an unresolved breach clearly support high priority.,Author,confirmed
9,22466,high,en,400,Request,IT Support,"Dear Customer Support, I am interested in integrating Terraform with KNIME for investment analytics. Could you provide detailed documentation on the process? I would greatly appreciate any guidance on how to get started, including the necessary setup and configuration. Additionally, what specific tools or plugins are required for this integration? I am keen to leverage the power of Terraform's infrastructure code capabilities with KNIME's data analytics platform to gain deeper insights into my investments. Your timely assistance with this matter would be greatly appreciated. I look forward to your response.",not_observable_from_text,yes,A documentation request for a software integration contains no clear severity or urgency cues for high priority.,Author,confirmed
10,12965,high,en,400,Change,IT Support,Boost Digital Marketing Tactics Request for enhancements in digital strategies and marketing tools. Aim is to boost brand growth and engagement across various platforms. Need effective tools to reach our target audience and enhance our online presence. We would greatly appreciate any information that could help us achieve this. Please inform the steps to take to improve our digital marketing efforts.,not_observable_from_text,yes,A marketing-enhancement request provides no clear urgency or operational impact supporting high priority.,Author,confirmed
11,19903,low,de,400,Change,General Inquiry,"Anpassung nutzerfreundlicher Funktionen für das Projektmanagement SaaS vorschlagen Sehr geehrte Customer Support-Team, ich möchte Sie bitten, die nutzerfreundlichen Funktionen für das Projektmanagement SaaS anzupassen, um die Benutzerfreundlichkeit für verschiedene Geräte zu verbessern. Das aktuelle Interface beeindruckt neue Benutzer, kann jedoch manchmal überwältigend sein. Ich glaube, die Einbeziehung von Drag-and-Drop-Funktionen, benutzerdefinierte Dashboards und realzeitliche Kooperationswerkzeuge könnten das gesamte Benutzererlebnis erheblich verbessern. Zudem wäre eine Plattform-Optimierung für mobile Geräte wünschenswert, damit Benutzer ihre Projekte verwalten können, auch wenn sie unterwegs sind. Ich schätze Ihre Berücksichtigung dieser Anfrage.",clearly_supported,no,A usability enhancement request without operational failure is consistent with low priority.,Author,confirmed
12,11869,low,de,400,Change,Returns and Exchanges,"Antrag auf Aktualisierung des Projektmanagement-Interfaces Sie werden informiert, dass ich eine Aktualisierung der Projektmanagement-Interfaces beantrage. Die aktuellen Interfaces sind veraltet und fehlen wichtige Funktionen, die für effektives Teamkolaboration notwendig sind. Ich sehne mich danach, ein neues Interface zu sehen, das Funktionen wie realzeitbasierte Benachrichtigungen, anpassbare Workflows und erweiterte Berichtsfunktionen umfasst. Diese Funktionen sollen die Benutzererfahrung erheblich verbessern und Teams effizienter arbeiten lassen. Ich freue mich darauf, den Antrag zu erhalten.",clearly_supported,no,A non-urgent interface enhancement request is consistent with low priority.,Author,confirmed
13,23407,low,de,400,Request,Billing and Payments,"Verbesserung von Investitionsstrategien durch die Nutzung von Analytik Betreuer Kundenservice, ich möchte umfassende Informationen über die Nutzung von Datenanalysetools zur Optimierung von Investitionsstrategien erhalten. Ich würde gerne mehr über die Art und Weise erfahren, wie diese Tools die Qualität von Investitionsentscheidungen verbessern können. Ich bin besonders an Vorhersagemodellen und Risikoanalysen interessiert, die uns helfen, investierende Entscheidungen zu treffen. Ich danke Ihnen im Voraus für Ihre Unterstützung und freue mich auf weitere Informationen.",clearly_supported,no,A general information request about analytics tools is consistent with low priority.,Author,confirmed
14,20877,low,de,400,Request,Technical Support,"Forderung für Unterstützung bei Digitalen Marketingstrategien Wäre es möglich, umfassendere Informationen über digitalen Marketingstrategien zu erhalten, um die Markengröße zu optimieren? Vielen Dank für Ihre Unterstützung.",clearly_supported,no,A general information request about marketing strategies is consistent with low priority.,Author,confirmed
15,6223,low,de,52,Problem,Customer Service,"Zugriffsproblem bei Projektmanagement Der Kunde kann aufgrund gelegentlicher Login-Probleme auf die Projektmanagement-Funktionen zugreifen. Möglicherweise stehen diese Schwierigkeiten im Zusammenhang mit einer Serverüberlastung, die durch ein kürzlich durchgeführtes Update verursacht wurde.",uncertain,yes,"The wording is internally unclear about whether access is possible; frequency, scope, and impact are missing.",Author,confirmed
16,28306,low,en,400,Change,Customer Service,Modify digital marketing tactics Seek to enhance marketing strategies to boost brand growth on chosen product platforms and increase customer interaction.,clearly_supported,no,A general request to modify marketing tactics is consistent with low priority.,Author,confirmed
17,15538,low,en,400,Incident,Returns and Exchanges,"Support Required for Hadoop Integration Problem An error has occurred during the integration, leading to data discrepancies.",partly_supported,yes,"An integration error and data discrepancies are present, but scope and operational consequences are not described.",Author,confirmed
18,9993,low,en,400,Incident,Product Support,Problem with Cross-User Data Synchronization Users are facing difficulties in syncing project data. This might be due to API conflicts or network issues. They have already attempted to reset their API connections.,partly_supported,yes,"Synchronization difficulties are described, but affected users, duration, and business impact are missing.",Author,confirmed
19,14016,low,en,400,Request,Customer Service,Support for Terraform Integration in Data Analytics Could you provide details on the integration of Terraform for data analytics to optimize investments?,clearly_supported,no,A general integration-information request is consistent with low priority.,Author,confirmed
20,4427,low,en,52,Problem,Product Support,Support System The firm encountered delays in data processing which impacted investment optimization due to a surge in data volume. Multiple system restart attempts were made without resolution. The problem continues and demands urgent intervention.,implausible,no,Persistent processing delays remain unresolved after multiple restarts and are explicitly described as requiring urgent intervention.,Author,confirmed
21,12469,medium,de,400,Request,Billing and Payments,Digital Strategy for Market Expansion Could providing more detailed information on digital strategy services enhance market expansion efforts? We are keen to learn more about the services offered and how they can assist the management team. Please share the specifics of your approach and what we can expect from these services.,not_observable_from_text,yes,A general information request about digital strategy provides no clear urgency or impact cues for medium priority.,Author,confirmed
22,21203,medium,de,400,Problem,General Inquiry,"Beobachtete Abnahme der Beteiligungsraten bei unseren Klienten Die Beteiligungsraten der Marketingagentur sind abgenommen und dies scheint auf ausgedehnte digitale Strategien zurückzuführen sein. Obwohl die Inhalte überarbeitet wurden, hat die Gesamttaktik sich nicht verändert.",partly_supported,yes,"A decline in engagement provides some business impact, but magnitude and urgency remain unclear.",Author,confirmed
23,25401,medium,de,400,Incident,Service Outages and Maintenance,Anfragen zur Unterstützung bei Diensteanlagenstörungen Bei dem aktuellen Diensteanflug der medizinischen Daten-Systeme treten Probleme auf,partly_supported,yes,"A service disturbance involving medical-data systems may justify medium or higher priority, but the text is too vague.",Author,confirmed
24,10758,medium,de,400,Request,IT Support,Support für Integration von BigCommerce und ClickUp in Projektmanagement Können detaillierte Anleitungen für die Integration von BigCommerce in ClickUp für Projektmanagement bereitgestellt werden?,not_observable_from_text,yes,A documentation request for an integration contains no clear severity cues supporting medium priority.,Author,confirmed
25,22147,medium,de,400,Request,Product Support,"Können Einblicke in digitale Strategien helfen, spezifische Marke im Branchenwachstum voranzutreiben? Ich interessiere mich, mehr über digitale Strategien zu erfahren, die spezifische Marke im Branchenwachstum fördern können. Vielen Dank!",not_observable_from_text,yes,A general information request contains no clear severity or urgency cues supporting medium priority.,Author,confirmed
26,12992,medium,en,400,Request,Customer Service,Integration Guide for Smartsheet with SQL Server Is it possible to furnish comprehensive documentation for integrating Smartsheet with a SQL Server project management system?,not_observable_from_text,yes,A documentation request contains no clear severity or urgency cues supporting medium priority.,Author,confirmed
27,10238,medium,en,400,Incident,Product Support,"Social Media Engagement Drop The agency has recently observed a significant decline in social media engagement metrics. This might be due to recent algorithm changes. So far, they have adjusted posting times and increased content variety to address the issue. Although engagement metrics have improved, the agency is seeking assistance to identify the root cause of the issue and explore additional strategies to enhance social media engagement. They would like to request guidance on better adapting to the algorithm changes and improving engagement.",clearly_supported,no,"A significant decline in engagement, partial remediation, and a continuing need for support plausibly support medium priority.",Author,confirmed
28,25744,medium,en,400,Change,Product Support,"Dear Customer Support, I am reaching out to request enhancements to our data analytics capabilities, specifically for optimizing investment strategies across various products. The current system is not providing real-time insights or predictive analytics, which is hindering our ability to make informed decisions. I would like to request the following enhancements: real-time data visualization, predictive modeling, and automated reporting. These features would significantly improve our investment strategies and overall business performance. Thank you.",partly_supported,yes,"Missing real-time analytics affects decisions, but urgency and concrete operational consequences are not fully specified.",Author,confirmed
29,14742,medium,en,400,Request,Customer Service,"Overview of Airtable Project Management Seeking information on integrating the Airtable project management SaaS platform. Would like to know more about the integration process, its benefits, and any potential drawbacks. Looking for guidance on how to get started and what support resources are available.",not_observable_from_text,yes,A general integration-information request provides no clear severity cues supporting medium priority.,Author,confirmed
30,26876,medium,en,400,Problem,Technical Support,"Data Breach in Medical Records Detected We have encountered a data breach involving medical records due to unauthorized access, which might be related to inadequate encryption protocols. We have already updated our security software and changed access credentials. We require assistance to ensure the security of our system.",implausible,no,An actual medical-records data breach involving unauthorized access would ordinarily suggest high rather than medium priority.,Author,confirmed
