pair_id,cosine_similarity,text_a,text_b,review_decision,review_comment,evaluator_role,author_confirmation
1,0.9487712383270264,"Support Inquiry for Data Breach A data breach has occurred, possibly exposing sensitive medical information from hospital systems due to weak access controls and unpatched software vulnerabilities. Updated security protocols have been implemented, and initial audits have been conducted on affected systems. Further investigation and support are needed to ensure the necessary measures are taken to secure the systems and protect sensitive information.","Support Inquiry Regarding Data Breach There was a data breach that impacted secure medical data systems, likely due to unpatched software vulnerabilities. Steps taken to secure the systems involved immediate lockdowns and software updates to prevent unauthorized access. The breach has been contained, but guidance is sought for the next steps to ensure the security systems protect sensitive information.",equivalent_template_variant,"Near-paraphrase or translation with the same core request, affected context, and intended support action.",Author,confirmed
2,0.900032103061676,"Hilfe bei nicht autorisierter Zugriffsnachricht Die IT-Systeme des Krankenhauses haben eine Warnung wegen eines nicht autorisiereten Zugriffs ausgelöst, was möglicherweise auf eine Phishing-Attacke zurückzuführen ist. Temporäre Schritte umfassten das Ändern von Passwörtern und die Durchführung einer Malware-Suchaktion.","Hilfe zur Behandlung unerlaubten Zugriffs auf die IT-Infrastruktur Ein Alarm wurde ausgelöst, da die IT-Infrastruktur des Krankenhauses aufgrund potenzieller Phishing-Angriffe unerlaubtem Zugriff ausgesetzt war. Umgang mit der Situation umfasste das Ändern der Passwörter und die Durchführung einer Malware-Prüfung.",equivalent_template_variant,"Near-paraphrase or translation with the same core request, affected context, and intended support action.",Author,confirmed
3,0.941659450531006,"geehrte Kundensupport, ich möchte eine Anfrage zur Optimierung und Integration unserer digitalen Marketingtools stellen. Das Ziel ist es, die Marktgrowth der unterstützten Produkte und Dienstleistungen zu verbessern und die Effizienz durch eine vereinheitlichte Marketingstrategie zu erhöhen, um einen breiteren Publikumskreis zu erreichen. Insbesondere möchte ich Sozialmedien, E-Mail-Marketing und Analysenplattformen integrieren, um eine bessere Verständnis unserer Kundenbedürfnisse und -preferenzen zu gewinnen. Ich freue mich darauf, Anleitungen und Vorschläge zu erhalten, um die Integration der Werkzeuge zu erzielen.","Sehr geehrte Kundenservice, bitte stellen Sie die Unterstützung für die Optimierung und Integration unserer digitalen Marketingwerkzeuge her. Das Ziel ist, das Wachstum der Marke und die Steigerung der Effizienz der Marketingbemühungen und der Qualität der Produkte und Dienstleistungen zu fördern. Wir glauben, dass die Vergrößerung der Effizienz unserer Marketingstrategien dazu beitragen kann, einen größeren Marktanteil zu erzielen. Insbesondere möchten wir Sozialmedien, E-Mail-Marketing und Analyseplattformen integrieren, um ein besseres Verständnis der Bedürfnisse und Präferenzen unserer Kunden zu gewinnen. Bitte geben Sie Rat und Empfehlungen, wie wir die Integration der Werkzeuge am besten erreichen können. Vielen Dank.",equivalent_template_variant,"Near-paraphrase or translation with the same core request, affected context, and intended support action.",Author,confirmed
4,0.945994198322296,"Support Request for Data Analytics Integration We are seeking to improve our data analytics integration across various product platforms and devices. This enhancement would allow us to optimize our investment strategies and make better-informed decisions. Currently, our analytics capabilities are limited and do not provide the detailed insights required. We would appreciate it if this could be prioritized for implementation at the earliest convenience. Please let us know if any additional information is needed to proceed with this request. We look forward to your prompt response.",Data Analytics Assistance Inquiry Developing a request to improve data analytics integration across various product platforms and devices. This enhancement would allow us to optimize our investment strategies and make more informed decisions. Our current analytics features are limited and do not provide the detailed insights required. We would be grateful if this could be prioritized for implementation at the earliest convenience. Please inform us if any further information is needed to proceed with this request. We look forward to your prompt response.,equivalent_template_variant,"Near-paraphrase or translation with the same core request, affected context, and intended support action.",Author,confirmed
5,0.933896541595459,Financial Institution Encountered Erroneous Investment Predictions Affecting Key Business Choices Errors in Data Integration,Financial Institution Recently Faced Inaccurate Investment Forecasts Affecting Key Business Decisions Data Integration Issue,equivalent_template_variant,"Near-paraphrase or translation with the same core request, affected context, and intended support action.",Author,confirmed
6,0.9398947358131408,"Integration von SaaS-Lösung mit Google Nest Sehr geehrter Kundendienst, ich bitte um ausführliche Anweisungen zur Integration einer skalierbaren SaaS-Projektmanagement-Software mit dem Google Nest Wifi Router. Ich möchte den schrittweisen Prozess der Einrichtung und Integration kennenlernen sowie mögliche spezielle Anforderungen, Kompatibilitätsprobleme und wichtige Hinweise beachten. Könnten Sie mir bitte eine umfassende Anleitung zusenden und relevante Ressourcen empfehlen? Ihre Unterstützung bei der ersten Einrichtung würde ich sehr schätzen. Vielen Dank für Ihre Zeit und Unterstützung. Ich freue mich auf Ihre baldige Rückmeldung.","Integration of SaaS with Google Nest Dear Customer Support, I would like to request detailed instructions for integrating scalable SaaS project management software with Google Nest Wi-Fi routers. Please provide a step-by-step guide for the setup process, including any specific requirements, compatibility issues to be aware of, and relevant resources or references. Your assistance in facilitating the integration process would be greatly appreciated. Thank you for your support and time. I look forward to your prompt response.",equivalent_template_variant,"Near-paraphrase or translation with the same core request, affected context, and intended support action.",Author,confirmed
7,0.910267412662506,"Issue with Report Generation on Data Analytics Platform Reporting problem encountered on the data analytics platform while analyzing investment optimization data. The platform experienced an unexpected crash, potentially due to recent software updates. I attempted a first-time reboot and performed a system check, but the issue remains unresolved. I have tried troubleshooting the problem myself but was unable to fix it. I would greatly appreciate it if you could investigate this matter and provide a solution at your earliest convenience. Please let me know if any additional information is required to assist in resolving the issue. I am available to provide further details if needed.","Reporting an issue with the data analytics platform while generating a report on investment optimization. The platform unexpectedly crashed, potentially due to recent software updates. I attempted to reboot the system and perform a basic check, but the problem remains unresolved. I have tried troubleshooting but was unable to fix the issue on my own. I would greatly appreciate it if you could investigate this matter and provide a solution as soon as possible. Please let me know if you need any additional information to assist in resolving the issue. I am available to provide further details if required.",equivalent_template_variant,"Near-paraphrase or translation with the same core request, affected context, and intended support action.",Author,confirmed
8,0.9283618927001952,Request for Details on Data Analysis Services I am interested in learning more about data analysis services to optimize and improve my investments. Could you provide more detailed information on this topic?,Request for Detailed Information on Our Data Analysis Services We are interested in learning more about your data analysis services to optimize our investments. Could you provide more detailed information?,equivalent_template_variant,"Near-paraphrase or translation with the same core request, affected context, and intended support action.",Author,confirmed
9,0.9290046095848083,"Information on Data Analytics Tools Employed Customer Support has received an inquiry regarding the data analytics tools and technologies employed by the firm to optimize investment strategies. Could you provide specific details about the tools and technologies used to analyze market trends and facilitate informed investment decisions? The customer is particularly interested in understanding how the team utilizes data analytics to identify opportunities and mitigate risks. Additionally, they would like information about the firm's approach to data visualization and reporting. Gaining a deeper understanding of the data capabilities is important to them.","Details zu verwendeten Data Analytics Werkzeugen Sehr geehrter Kundendienst, ich möchte mich erkundigen, welche Data Analytics Tools das Unternehmen einsetzt, um Investitionsstrategien zu optimieren. Können Sie spezifische Details zu den verwendeten Technologien und Tools bereitstellen, um Markttrends zu analysieren und fundierte Investitionsentscheidungen zu treffen? Besonders interessiert mich, welche Tools das Data Analytics Team nutzt, um Chancen zu erkennen und Risiken zu minimieren. Zudem freue ich mich über Informationen zur Herangehensweise bei Datenvisualisierung und Berichterstellung. Ich bin überzeugt, dass ein vertieftes Verständnis der Data Analytics Fähigkeiten dabei helfen wird, bessere Entscheidungen zu treffen.",equivalent_template_variant,"Near-paraphrase or translation with the same core request, affected context, and intended support action.",Author,confirmed
10,0.9065568447113036,"Inconsistent Report Generation in Data Analytics Tool Requires Investment Optimization The data analytics tool is producing inconsistent reports, which might be related to a data feed issue. Despite attempts to refresh the data and reset the module, the problem continues.","Issues with Inconsistent Reports in Data Analytics Tool The data analytics tool is producing inconsistent reports, which may be related to a data feed problem. Despite refreshing the data and resetting the module, the issue remains.",equivalent_template_variant,"Near-paraphrase or translation with the same core request, affected context, and intended support action.",Author,confirmed
11,0.9302780628204346,"Probleme bei der Analysefunktion für digitale Kampagnen Beobachten wir Zeitverschwendung durch die Funktionalitätsprobleme in der Berichterstattung für digitale Kampagnen, die möglicherweise auf die neuesten Software-Updates zurückzuführen sind. Nach dem Leerung des Caches und neuer Anmeldung behält das Problem seinen Ursprung. Bitte helfen Sie uns, das Problem so schnell wie möglich zu beheben.","Probleme bei der Analyse digitaler Kampagnen Beim Erstellen von Berichten über digitale Kampagnen wird eine Verzögerung beobachtet, was möglicherweise auf neueste Softwareupdates zurückzuführen ist. Nach dem Bereinigen des Caches und Neues Loggen besteht das Problem weiterhin. Bitte helfen Sie uns, das Problem schnell zu beheben.",equivalent_template_variant,"Near-paraphrase or translation with the same core request, affected context, and intended support action.",Author,confirmed
12,0.9432674646377563,"Concern Regarding Data Accessibility There are unexpected data accessibility issues that might expose medical records. These issues could have originated from recent system updates or misconfigurations. The support team has attempted to troubleshoot by resetting system permissions and reviewing access logs, but the issue still persists. The security team is concerned about the potential exposure of medical records and would appreciate assistance in resolving this matter as soon as possible. Could you please provide guidance on how to proceed with the investigation and implement a solution?","Concern About Data Accessibility There are unanticipated issues with accessing data, which may lead to potential exposure of medical records. These problems might have arisen due to recent system updates or misconfigurations. Despite the team's efforts to troubleshoot by resetting system permissions and reviewing access logs, the issue continues. The customer is concerned about the security of their medical records and would appreciate prompt assistance in resolving this matter. Could you please provide guidance on how to proceed with the investigation and implement a solution?",equivalent_template_variant,"Near-paraphrase or translation with the same core request, affected context, and intended support action.",Author,confirmed
13,0.9057663679122924,"Technische Schwierigkeiten Die Marketingagentur hat mehrere Produktprobleme festgestellt, insbesondere Beeinträchtigungen bei digitalen Kampagnentools durch Hardwareprobleme. Diese scheinen wahrscheinlich durch Softwarekonflikte verursacht zu werden, die zu Hardwareausfällen führen. Versuche, die Geräte neu zu starten und die Software zu aktualisieren, haben die Probleme nicht behoben. Trotz dieser Bemühungen bleiben die Störungen bestehen, was den Betrieb erheblich beeinträchtigt. Bitte wenden Sie sich an den Support, um eine schnelle Lösung der technischen Probleme zu erhalten. Das Team hat verschiedene Fehlerbehebungsmaßnahmen ausprobiert, doch die Probleme mit den digitalen Kampagnentools und der Hardware bestehen weiterhin. Hier eine Anleitung.","Technische Schwierigkeiten bei der Marketingagentur Sehr geehrter Kundenservice, ich möchte berichten, dass die Marketingagentur mehrere Software- und Hardwareausfälle erlebt hat, die den Arbeitsablauf erheblich stören. Wahrscheinliche Ursache sind Kompatibilitätskonflikte oder eine Systemüberlastung. Es wurde versucht, die Geräte neu zu starten und die Software zu aktualisieren, um grundlegende Fehler zu beheben, doch leider konnten die Probleme nicht gelöst werden. Die Ausfälle haben zu erheblichen Ausfallzeiten und Produktivitätsverlusten geführt. Bitte wenden Sie sich an uns, um schnelle Unterstützung bei der Problemlösung zu erhalten. Könnten Sie uns bitte Anweisungen zur Fehlerbehebung geben und weitere Details zu den Software- und Hardwareausfällen bereitstellen? Sie können uns unter <tel_num> anrufen, um die Angelegenheit weiter zu besprechen.",same_topic_distinct,"Same general technical-failure topic, but differing problem framing, causes, and impact.",Author,confirmed
14,0.9427974224090576,"Krankenhaus IT-Sicherheit Sehr geehrte Kundensupport, ich schreibe im Anschluss an meine Anfrage zur Verbesserung der Sicherheitsprotokolle für Krankenhaus-IT-Systeme, die zugehörige Software umfassend zu verbessern, um medizinische Daten zu schützen. Es ist von großer Bedeutung, dass sensible Patientendaten vor Einbrüchen geschützt werden. Ich schätze es sehr, wenn Sie die Angelegenheit dringend betrachten und die notwendigen Massnahmen ergreifen, um die Sicherheit unserer medizinischen Daten zu gewährleisten. Vielen Dank für Ihre Aufmerksamkeit in dieser Angelegenheit. Ich freue mich darauf, bald von Ihnen zu hören.","Verbessern der Sicherheit bei medizinischem Datenschutz Sehr geehrte Kundenservice, ich schreibe an, um die Verbesserung der Sicherheitsprotokolle für den Schutz medizinischer Daten in den Hospital-IT-Systemen zu veranlassen. Besonders wichtig ist es, sensible Patientendaten vor unbefugtem Zugriff zu schützen. Ich schätze, dass Sie das Thema ernst nehmen und notwendige Maßnahmen ergreifen, um die Sicherheit unserer medizinischen Daten in den IT-Systemen zu gewährleisten. Vielen Dank für die Beachtung dieser wichtigen Angelegenheit.",equivalent_template_variant,"Near-paraphrase or translation with the same core request, affected context, and intended support action.",Author,confirmed
15,0.9240263104438782,"Wachstumsdienstleistungen für Marken Lieber Kundensupport, ich wende mich an Sie, um mehr über markenwachstumsdienstleistungen in digitaler Strategie zu erfahren. Könnten Sie bitte umfassende Informationen zu den angebotenen Dienstleistungen zur Unterstützung des Wachstums meiner Firma bereitstellen? Insbesondere interessiert mich der Ansatz in Bezug auf Sozialmedienmarketing, Inhaltserschaffung und Suchmaschinenerstellung. Ich schätze die verfügbaren Informationen, einschließlich Fallstudien und Zeugnisse früherer Kunden. Vielen Dank für Ihre Unterstützung. Ich freue mich darauf, bald von Ihnen zu hören.","Unterstützung für digitale Markenwachstumsdienstleistungen Sehr geehrte Kundenservice, ich möchte mehr über digitale Strategien zur Förderung des Markenwachstums erfahren. Könnten Sie weitere Details zu den verfügbaren Dienstleistungen geben, die Unternehmen bei der Erreichung ihrer Ziele unterstützen können? Ich interessiere mich besonders für Social-Media-Management, Inhaltsgestaltung und Suchmaschinenoptimierungsdienstleistungen. Vielen Dank und ich freue mich auf Ihre Rückmeldung.",equivalent_template_variant,"Near-paraphrase or translation with the same core request, affected context, and intended support action.",Author,confirmed
16,0.9291330575942992,Concern About Project Dashboard Performance Users are encountering delays in loading the project dashboard following recent server updates amid increased traffic.,sluggish performance of the Project Dashboard Users have reported experiencing delays in response times when accessing the project dashboard.,equivalent_template_variant,"Near-paraphrase or translation with the same core request, affected context, and intended support action.",Author,confirmed
17,0.940462052822113,"Revise Digital Marketing Techniques Customer Support, we are seeking to update our digital marketing strategies using advanced tools to enhance brand growth and improve marketing effectiveness across various platforms. While our current strategies are meeting our goals, we recognize the need to adapt to the changing market landscape. We would appreciate the opportunity to schedule a meeting with the team to discuss potential solutions and the implementation of new tools to improve our online presence. This will help us better engage with our target audience, increase brand awareness, and drive results.","Refresh Digital Marketing Strategies Customer Support, requesting an update to our digital marketing strategies to enhance brand growth and customer engagement across various platforms. Our current strategies are yielding the desired results, but we need to adapt to changing market trends. We would greatly appreciate a comprehensive plan to improve our online presence and reach a wider audience. This should include social media, email marketing, and search engine optimization. We look forward to your response.",equivalent_template_variant,"Near-paraphrase or translation with the same core request, affected context, and intended support action.",Author,confirmed
18,0.9297296404838562,Ich interessiere mich für ein umfassenderes SaaS-Produktangebot. Könnten Sie bitte mehr Details zu Skalierungsmöglichkeiten und Integrationsoptionen bereitstellen?,Interesse an SaaS-Produkt: Skalierungsfeatures und Integrationsoptionen Ich möchte mich weiterhin über SaaS-Produkte informieren und mehr über Skalierungsfeatures und Integrationsoptionen erfahren. Könnten Sie diese Themen ausführlicher erläutern?,equivalent_template_variant,"Near-paraphrase or translation with the same core request, affected context, and intended support action.",Author,confirmed
19,0.9092587828636168,"Support Needed for Potential Data Breach We have encountered a potential data breach involving sensitive medical records due to unauthorized access, which might have occurred due to unpatched software vulnerabilities. Immediate access restrictions have been implemented, and a full security scan has been initiated. The breach was discovered within our internal systems, and we are taking immediate action to mitigate any damage. We request your assistance in investigating the incident and providing guidance on necessary steps to ensure the security of our systems moving forward.","Support Request for Data Breach Issue There has been an unexpected data breach that may have compromised sensitive medical data. This is likely due to insufficient security measures and outdated software. Actions taken include securing the system, updating passwords, and monitoring network activity. Assistance is needed to ensure the necessary steps are taken to protect sensitive information and prevent future breaches.",same_topic_distinct,"Both concern medical-data breaches, but incident details, suspected causes, and remediation steps differ materially.",Author,confirmed
20,0.913753628730774,"Issues with Peak Times of the SaaS Platform During peak times, we are encountering performance issues with our SaaS platform, including delays and inefficient backend queries. So far, optimizing database queries and scaling server instances have brought about significant improvements. Our team is closely monitoring the situation and is available for further support to resolve the issue. We look forward to any advice or assistance that could help identify the root cause and implement a solution to ensure a seamless user experience.","Problem Faced Noted intermittent performance lag during peak usage times on the SaaS platform. This may have resulted from an increase in user load and inefficient backend queries. So far, we have optimized database queries and scaled server instances, but without significant improvement. Our team is closely monitoring the situation and seeking assistance to resolve the matter. We would appreciate your guidance and support in helping us identify the root cause and implement a solution.",same_topic_distinct,"Same SaaS performance topic, but troubleshooting outcome differs materially (improvement versus no improvement).",Author,confirmed
21,0.9654008150100708,"Verfügbare Integrationsoptionen für QuickBooks Online Kontaktieren Sie uns, um Informationen über die verfügbaren Integrationsoptionen für QuickBooks Online und unser SaaS-Projektmanagement-Tool zu erhalten. Bitte geben Sie uns Details zu den verfügbaren Integrationen an, z.B. API-Verbindungen und Drittanbieter-Connector. Wir schätzen Ihre bereitgestellten Informationen zum Thema und empfehlen Ihnen, die Website zu besuchen oder uns auf Tel. <tel_num> für weitere Unterstützung zu kontaktieren. Wir freuen uns darauf, die verfügbaren Optionen sowie eventuelle Einschränkungen in einer detaillierteren Diskussion vorzustellen.","Möglichkeiten zur Integration von QuickBooks Online Ich schreibe, um Details zu den verfügbaren Integrationsoptionen für QuickBooks Online in unserem SaaS-Projektverwaltungstool zu erhalten. Könnten Sie bitte API-Verbindungen und Drittanbieter-Connectors näher beschreiben? Wir freuen uns auf zusätzliche Informationen, einschließlich Einrichtungsanweisungen und möglicher Einschränkungen.",equivalent_template_variant,"Near-paraphrase or translation with the same core request, affected context, and intended support action.",Author,confirmed
22,0.9696343541145324,"Assistance with Application Crash Problem Customer Support,\n\nWe are preparing an incident report regarding a scalable SaaS project management platform. The application experienced an unexpected crash during peak usage times, leading to considerable operational disruptions.\n\n","Assistance Needed for Application Crash Problem Customer Support,\n\nWe are documenting an incident related to our scalable SaaS project management application. The application unexpectedly crashed during peak usage times, leading to considerable operational disruptions.\n\n",equivalent_template_variant,"Near-paraphrase or translation with the same core request, affected context, and intended support action.",Author,confirmed
23,0.9511158466339112,"geehrte Kundenservice, richten Sie, mehr Informationen zu digitalen Strategien für Markenwachstum erhalten. Könnten Sie bitte detaillierte Informationen zu diesem Thema geben? Ich bin sehr interessiert daran, zu erfahren, welche digitalen Marketingstrategien Ihre Firma anwendet und welche als effektivste angesehen werden. Ich freue mich darauf, Fachwissen in diesem Bereich zu erlangen und Ressourcen für Ratgeberschulungen zu erhalten. Ich bedanke mich für Ihre Unterstützung und freue mich auf eine baldige Rückmeldung. Ihr Engagement ist geschätzt.","Sehr geehrte Kundenservice, ich wende mich an Sie, um mehr über digitale Strategien zur Markenvergrößerung zu erfahren. Könnten Sie bitte ausführliche Informationen zu diesem Thema bereitstellen? Ich bin besonders an Ansätzen und Methoden im Bereich des digitalen Marketing interessiert und suche nach den effektivsten Lösungen. Ich freue mich auf die erhaltenen Einblicke und Anleitungen. Vielen Dank für Ihre Unterstützung und freue mich darauf, bald eine Rückmeldung zu erhalten. Ihr Engagement wird geschätzt.",equivalent_template_variant,"Near-paraphrase or translation with the same core request, affected context, and intended support action.",Author,confirmed
24,0.9545365571975708,"Challenge in Lead Generation Our agency has faced an unexpected decline in lead generation following the recent campaign. This drop might be linked to unforeseen issues with the software integration between Microsoft Dynamics 365 and Monday.com. Despite our efforts to troubleshoot and adjust data settings, we have not been successful. Our team has reviewed system logs and checked for any updates or patches that might have caused the problem. However, we still need your assistance to resolve this issue and get our lead generation back on track. Could you please provide more details?","Concern Regarding Lead Generation Our agency has encountered a significant decrease in lead generation following the recent campaign. This drop might be attributed to unforeseen issues with the software integration between Microsoft Dynamics 365 and Monday.com. Despite our efforts to troubleshoot and reconfigure data settings, we have not yet found a solution. We have also reviewed system logs and checked for any recent updates or patches that might have caused the issue. However, we need your assistance to resolve this problem and get our lead generation back on track. Could you please provide further details?",equivalent_template_variant,"Near-paraphrase or translation with the same core request, affected context, and intended support action.",Author,confirmed
25,0.9792145490646362,"Improve Digital Marketing Expansion Plans Customer Support, seeking assistance with developing and executing advanced digital marketing strategies to accelerate brand development across various product platforms and services. The aim is to enhance online interaction, increase sales, and boost overall brand recognition. We would appreciate guidance on effective methods to accomplish these goals. Kindly share suggestions on how to optimally utilize social media, email campaigns, and digital channels to reach our target audience. Thank you.","Improve Strategies for Digital Marketing Expansion Customer Support, I am seeking assistance in developing and executing improved digital marketing tactics to accelerate brand growth across various product platforms and services. The aim is to enhance online engagement, increase sales, and elevate overall brand visibility. I would be grateful for guidance on effective methods to achieve these goals. Please share recommendations on how to optimally utilize social media, email campaigns, and digital channels to reach our target audience. Thank you.",equivalent_template_variant,"Near-paraphrase or translation with the same core request, affected context, and intended support action.",Author,confirmed
26,0.9716652035713196,"Recent Incident of Unauthorized Access to Medical Data There was an incident involving unauthorized access to medical data. Passwords have been reset and firewall settings have been strengthened, but the threats still persist.","Recent Incident of Unapproved Access to Medical Information There was an incident of unauthorized access to medical data. Passwords have been reset and firewall settings have been strengthened, but the threats continue.",equivalent_template_variant,"Near-paraphrase or translation with the same core request, affected context, and intended support action.",Author,confirmed
27,0.9548569917678832,"Medizinische Unterstützung Sehr geehrte Kundenservice-Team, ich schreibe bezüglich meines Interesses an Sicherheitsprotokollen und den Schutz medizinischer Daten in Krankenhaus-IT-Systemen. Es ist wichtig für mich, dass die Vertraulichkeit und Integrität der persönlichen Gesundheitsinformationen der Patienten gewährleistet ist. Könnten Sie bitte detaillierte Informationen zu den Maßnahmen geben, die eingesetzt wurden, um die sichere Aufbewahrung, Übertragung und Zugriff auf medizinische Akten zu gewährleisten? Zudem schätze ich es, wenn zusätzliche Informationen zu den Datenschutzrichtlinien und Prozeduren zur Verfügung gestellt werden können. Ich freue mich darauf, mehr über die Schritte zu erfahren, die unternehmen werden.","geehrte Kundenservice, ich schreibe in Bezug auf meine Anfrage zu Sicherheitsmaßnahmen, die innerhalb von Krankenhaus-IT-Lösungen medizinische Daten einsetzen. Könnten Sie detaillierte Informationen zu den verwendeten Protokollen und Technologien geben, die Vertraulichkeit, Integrität und Verfügbarkeit sensibler Patientendaten gewährleisten? Ich freue mich, wenn Sie Angaben machen könnten, die den Gesundheits- und Krankenversorgungsstandards entsprechen. Darüber hinaus interessiere ich mich für weitere Sicherheitsfunktionen und Dienstleistungen, die medizinische Daten schützen. Danke für Ihre Unterstützung bei dieser Angelegenheit. Ich freue mich auf Ihre Rückmeldung.",equivalent_template_variant,"Near-paraphrase or translation with the same core request, affected context, and intended support action.",Author,confirmed
28,0.9665253162384032,"Improving Marketing Workflow Efficiency Dear Customer Support Team,\n\nWe are requesting guidance on implementing modifications to our system to better integrate workflows and enhance marketing performance analysis. Our objective is to increase cooperation among departments by leveraging automation technologies, unified account handling, and new marketing platforms. These improvements are vital for refining our marketing tactics and boosting operational productivity. Kindly advise on the subsequent procedures to initiate this upgrade.\n\nAppreciate your support.","Optimizing Marketing Workflow Efficiency Dear Customer Support Team,\n\nWe are requesting guidance on implementing modifications within our system to better integrate workflows and elevate marketing analytics performance. Our objective is to strengthen interdepartmental cooperation by leveraging automation technologies, unified account management, and emerging marketing platforms. These enhancements are vital for refining our marketing tactics and boosting operational productivity. Kindly advise on the subsequent procedures to commence the upgrade process.\n\nAppreciate your assistance.",equivalent_template_variant,"Near-paraphrase or translation with the same core request, affected context, and intended support action.",Author,confirmed
29,0.966918647289276,Enhancing Security of Medical Data for Healthcare Providers Could you provide details on the solutions available for securing medical data for healthcare providers?,Protecting Medical Data for Healthcare Providers Could you provide more information on solutions for securing medical data for healthcare providers?,equivalent_template_variant,"Near-paraphrase or translation with the same core request, affected context, and intended support action.",Author,confirmed
30,0.9554539322853088,"Project Management API Details Would appreciate detailed information on API integrations for a project management SaaS solution. This would help us understand how to integrate our tools with your platform for a seamless user experience. Thank you for your assistance, and we look forward to hearing back from you soon.",Details on API Integrations for Project Management Are you able to provide specifics on API integrations for a project management SaaS solution? This information would greatly assist us in understanding how to integrate these tools with our platform to ensure a seamless user experience. We appreciate your timely assistance and look forward to hearing back from you soon.,equivalent_template_variant,"Near-paraphrase or translation with the same core request, affected context, and intended support action.",Author,confirmed
31,0.9679675698280334,The server overload configuration error impacted several products. Restarting the systems to clear the cache resolved the issue.,An error in server overload configuration impacted several products. Restarting the systems and clearing the cache resolved the issue temporarily.,same_topic_distinct,"Same server-overload topic, but one reports resolution whereas the other reports only temporary resolution.",Author,confirmed
32,0.9739120602607728,"Request for Security Protocols of Medical Data Dear Customer Support, I am writing to inquire about the security protocols in place to protect medical data within IT systems used in hospitals. Could you please provide detailed information on the measures taken to ensure the confidentiality, integrity, and availability of sensitive medical information? Additionally, it would be helpful if you could include details on compliance checks, such as HIPAA compliance procedures, and the steps taken to address security breaches. Furthermore, I am interested in learning about the training provided to staff on data security and the frequency of security audits.","Request for Medical Data Security Protocols Dear Customer Service, please inquire about security protocols for protecting medical data in IT systems of hospitals. Could you provide detailed information on the measures taken to ensure the confidentiality, integrity, and availability of sensitive medical information? Additionally, it would be helpful to know about any existing compliance certifications, such as HIPAA, and the procedures for handling security breaches. Furthermore, I would like to know about the data security training provided to employees regarding these measures.",equivalent_template_variant,"Near-paraphrase or translation with the same core request, affected context, and intended support action.",Author,confirmed
33,0.9667404890060424,"Challenges with Financial Data Analysis Integration A financial organization is facing integration problems across various products, leading to inconsistent results in investment optimization. Despite efforts such as updating software, restarting devices, and seeking vendor support, the issue remains unresolved. The problem might stem from compatibility conflicts between software and hardware components. Your prompt assistance in resolving this matter would be highly valued to maintain optimal operational efficiency.","Problems with Financial Data Analysis A financial organization is facing integration challenges across various products, leading to inconsistent outcomes in investment optimization. Efforts such as updating software, restarting devices, and seeking support from the vendor have not resolved the issue. The problem might stem from compatibility conflicts between software and hardware components. Your prompt assistance in resolving this matter would be greatly valued to maintain peak performance.",equivalent_template_variant,"Near-paraphrase or translation with the same core request, affected context, and intended support action.",Author,confirmed
34,0.958663523197174,"Technical Challenges with Integration Customer Support has received a report regarding technical difficulties with the integration of the Smart-Roboter-Rasenmäher. Despite multiple attempts, the team is facing challenges with data synchronization, which may be caused by software incompatibility. Efforts such as restarting devices and updating software versions have not resolved the issue. We are concerned that these discrepancies in data could negatively impact marketing campaign performance. Your assistance in investigating this matter and providing a solution would be highly valued.","Technical Difficulties with Integration Customer Support is contacting you regarding reported technical problems with the Smart-Roboter-Rasenmäher integration. Despite our efforts, we are facing challenges with data synchronization, which we suspect may be due to software incompatibility. Our team has tried to resolve the issue by restarting devices and updating software versions, but these actions have not produced the desired results. We are concerned that this problem may lead to data discrepancies that could impact marketing campaign performance. We would greatly appreciate it if you could investigate this matter and provide a solution.",equivalent_template_variant,"Near-paraphrase or translation with the same core request, affected context, and intended support action.",Author,confirmed
35,0.9639973640441896,Request for Data Analytics Services Information Is it possible to get detailed information about data analytics services that optimize investment strategies? Thank you.,Request for Data Analytics Support Is it possible to get information on data analytics services that could optimize investment strategies? Thank you.,equivalent_template_variant,"Near-paraphrase or translation with the same core request, affected context, and intended support action.",Author,confirmed
36,0.9583375453948976,Assistance with Digital Marketing Could you please provide details about your digital strategies and the specific services available to enhance brand development?,Assistance with Digital-Marketing Could you provide detailed information on digital marketing strategies and their potential impact on brand development?,equivalent_template_variant,"Near-paraphrase or translation with the same core request, affected context, and intended support action.",Author,confirmed
37,0.9722678065299988,"Concern About Marketing Campaign Performance Dear Customer Support, <br>The performance of our marketing campaign is disappointing, resulting in lower than anticipated brand growth. This could be due to ineffective digital strategies or a misaligned target audience. So far, after analyzing our analytics data and adjusting ad targeting parameters, we have seen minimal improvement. We would greatly appreciate your guidance and recommendations to help improve the campaign's performance.","Concern Over Marketing Campaign Performance Customer Support,<br>The marketing campaign's performance is underwhelming, resulting in lower than anticipated brand growth.<br>This might be due to ineffective digital strategies or misaligned target audience. <br>So far, after analyzing the analytics data and adjusting ad targeting parameters, we have seen minimal improvement.<br>We would appreciate your guidance and recommendations to help improve the campaign's performance.",equivalent_template_variant,"Near-paraphrase or translation with the same core request, affected context, and intended support action.",Author,confirmed
38,0.9634621143341064,"New Enhancement Request Requesting an enhancement to the user dashboard layout within our project management SaaS platform. The current layout, while functional, is confusing for new users and lacks intuitive navigation. Enhancing the layout would significantly improve usability and the overall user experience. I propose a streamlined, organized design that incorporates clear and concise labeling, easy access to frequently used tools, and minimizes the learning curve for new users. The enhancement would","New Inquiry Requesting improvements to the user dashboard layout in our project management SaaS platform. The current layout, while functional, is confusing for new users and lacks intuitive navigation. Enhancing the layout would significantly improve usability and the overall user experience. I propose a streamlined and organized design that incorporates clear and concise labeling, easy access to frequently used tools, and minimizes the learning curve for new users. This enhancement would",equivalent_template_variant,"Near-paraphrase or translation with the same core request, affected context, and intended support action.",Author,confirmed
39,0.9649039506912231,"Connectivity Problems with Smart Device Dear Customer Support Team,\n\nI hope this message finds you well. I am writing to report an ongoing issue with the connection of my smart device within the system. Over the past few days, I have encountered frequent disruptions that have significantly compromised the device's ability to stay connected to the network consistently.\n\nInitially, the device functioned perfectly and integrated smoothly with the system. However, lately, it has been disconnecting sporadically without any clear reason. This connectivity failure is affecting the overall performance and usability of the device.","Connectivity Problems with Intelligent Device Dear Customer Support Team,\n\nI hope this message finds you well. I am writing to report a recurring problem with the connection of my smart device within the system. Over the past few days, I have encountered notable interruptions that have negatively impacted the device's ability to stay connected to the network reliably.\n\nInitially, the device functioned perfectly, integrating smoothly with the system. However, lately, it has been disconnecting sporadically without any clear reason. This loss of connectivity is affecting the overall performance and usability of the device.",equivalent_template_variant,"Near-paraphrase or translation with the same core request, affected context, and intended support action.",Author,confirmed
40,0.9776002764701844,"Customer support, the data analytics tool is experiencing issues in efficiently processing investment data. The problem might be due to software compatibility issues. After updating the associated software devices, the issue still persists. We are currently investigating the data source integrity to identify the root cause. There is concern about the potential impact on the business, and we would like assistance in resolving this matter as soon as possible. Please let us know the next steps you plan to take.","Customer Support, the data analytics tool is not processing investment data efficiently. The issue might be due to software compatibility problems. After updating the related software, the problem still persists. We are currently investigating the data source integrity to identify the root cause. We are concerned about the potential impact on our business and would like assistance in resolving this matter as soon as possible. Please inform us of the next steps.",equivalent_template_variant,"Near-paraphrase or translation with the same core request, affected context, and intended support action.",Author,confirmed
41,0.9842733144760132,"Ungewöhnliche Aktivitäten beeinträchtigen Gesundheitsdaten in den Systemen Wir beobachten verdächtige Vorgänge, die die NAS-Systeme sowie SAP ERP in unserem Gesundheitsnetzwerk stören. Das Problem könnte durch veraltete Antiviren-Softwareversionen verursacht werden. Trotz Neustarts der Systeme, Software-Updates und Malwarebytes-Scans besteht das Problem weiterhin. Wir benötigen Unterstützung, um die Störungen zu beheben und weitere Unterbrechungen unserer Gesundheitsdienste zu verhindern.","Ungewöhnliche Aktivitäten beeinträchtigen Gesundheitsdatensysteme Wir beobachten verdächtige Aktivitäten, die das NAS-System und SAP ERP beeinträchtigen. Das Problem könnte auf veraltete Antiviren-Softwareversionen zurückzuführen sein. Trotz Neustarts der Systeme, Software-Updates und Malwarebytes-Scans besteht das Problem weiterhin. Wir benötigen Unterstützung, um die Ursache zu identifizieren und weitere Störungen unserer Gesundheitsdienste zu vermeiden.",equivalent_template_variant,"Near-paraphrase or translation with the same core request, affected context, and intended support action.",Author,confirmed
42,0.991768717765808,"Concerns with Data Integration Tools A financial company is facing data integration challenges that are hindering the efficiency of investment analysis. The issue might be due to software compatibility conflicts among different security analytics tools. Despite updating software and adjusting configurations, as well as checking for version mismatches, the problem continues.","Concerns About Data Integration Tools A financial company is facing data integration challenges that are hindering the efficiency of investment analysis. The issues might be due to software compatibility conflicts among different security analytics tools. Steps taken so far include updating software, adjusting configurations, and verifying version mismatches, but the problem still persists.",equivalent_template_variant,"Near-paraphrase or translation with the same core request, affected context, and intended support action.",Author,confirmed
43,0.9902966618537904,"Digital marketing campaigns have been interrupted due to recent software updates, leading to conflicts within the system. Attempted solutions included rolling back patches and clearing caches.","Digital marketing campaigns have been interrupted due to recent software updates, leading to conflicts within the system. Attempts included rolling back patches and clearing caches.",equivalent_template_variant,"Near-paraphrase or translation with the same core request, affected context, and intended support action.",Author,confirmed
44,0.9940870404243468,"Support for Mailchimp and BigCommerce Integration Dear Customer Support, I am seeking detailed instructions on how to integrate Mailchimp with BigCommerce to optimize digital marketing campaigns. Could you please provide a step-by-step guide on connecting these two platforms and utilizing their features to enhance email marketing efforts? I would also appreciate any additional tips or recommendations to ensure a smooth integration and maximize campaign effectiveness. Thank you for your time and assistance. I look forward to your prompt response.","Assistance with Mailchimp and BigCommerce Integration Dear Customer Service, I would like a comprehensive guide on integrating Mailchimp with BigCommerce to optimize digital marketing campaigns. Could you provide step-by-step instructions on how to connect the two platforms and utilize their features to enhance email marketing efforts? Additional tips and recommendations would be appreciated to ensure a seamless integration and maximize campaign effectiveness. Thank you for your time and support. I look forward to your prompt response.",equivalent_template_variant,"Near-paraphrase or translation with the same core request, affected context, and intended support action.",Author,confirmed
45,0.9957210421562196,"Concerns with Data Analytics Tool for Investment Optimization and Forecasting Accuracy We are experiencing issues with the data analytics tool designed for investment optimization and generating accurate forecasts. Recent software updates might be causing data input errors. We have attempted to resolve the issue by rebooting and verifying data integrity, but to no avail. We require assistance to resolve this problem and restore accurate forecasting capabilities.","Concerns Regarding Data Analytics Tool for Investment Optimization and Forecasting Accuracy We are experiencing issues with our data analytics tool designed for investment optimization and generating accurate forecasts. Recent software updates have possibly introduced data input errors, which we have tried to address by rebooting and verifying data integrity, but to no avail. We require assistance to resolve this issue and restore accurate forecasting capabilities.",equivalent_template_variant,"Near-paraphrase or translation with the same core request, affected context, and intended support action.",Author,confirmed
46,0.9905926585197448,"Problem with Mesh Wi-Fi System A financial company encountered connectivity problems with their Netgear Nighthawk Mesh Wi-Fi 6 System, which has disrupted their data analytics operations due to incompatible firmware updates and network congestion.","Problem with Mesh Wi-Fi Network A financial company encountered connectivity problems with the Netgear Nighthawk Mesh Wi-Fi 6 System, which has affected their data analytics operations due to incompatible firmware updates and network congestion.",equivalent_template_variant,"Near-paraphrase or translation with the same core request, affected context, and intended support action.",Author,confirmed
47,0.9800899624824524,"Unpräzise Investitionsprognosen festgestellt Sehr geehrter Kundendienst, ich möchte Sie bezüglich eines Problems mit den Investitionsprognosen unseres Finanzunternehmens kontaktieren. Es wurde festgestellt, dass die Prognosen ungenau sind, was vermutlich auf fehlerhafte Datenintegration zurückzuführen ist. Unser Team arbeitet daran, die Algorithmen durch Neukalibrierung der Datenquellen zu verbessern, doch das Problem besteht weiterhin. Ich bin besorgt, dass dies die Investitionsentscheidungen beeinträchtigen könnte, und bitte um Unterstützung bei der Lösung des Problems. Könnten Sie bitte mögliche Lösungsansätze prüfen und Empfehlungen zur Verbesserung bereitstellen? Wir würden eine schnelle Bearbeitung schätzen und freuen uns auf eine zeitnahe Rückmeldung. Bitte lassen Sie uns wissen,","Unpräzise Investitionsprognosen entdeckt Sehr geehrter Kundenservice, ich möchte ein Problem bezüglich der Investitionsprognosen unseres Finanzunternehmens melden. Es wurde festgestellt, dass die Prognosen ungenau sind, was vermutlich auf fehlerhafte Datenintegration zurückzuführen ist. Unser Team arbeitet daran, die Algorithmen und Datenquellen neu zu kalibrieren, jedoch besteht das Problem weiterhin. Ich bin besorgt, dass dies die Investitionsentscheidungen negativ beeinflussen könnte, und bitte um Unterstützung bei der Lösung des Problems. Könnten Sie bitte die Situation untersuchen und Empfehlungen zur Verbesserung bereitstellen? Wir schätzen eine schnelle Bearbeitung und freuen uns auf Ihre baldige Rückmeldung. Bitte lassen Sie uns wissen, falls weitere Informationen benötigt werden.",equivalent_template_variant,"Near-paraphrase or translation with the same core request, affected context, and intended support action.",Author,confirmed
48,0.9877660870552064,"Sehr geehrter Kundenservice, ich möchte ein Problem mit unserer SaaS-Projektmanagementplattform melden. Die Plattform erfährt sporadische Ausfälle, wahrscheinlich aufgrund von Serverüberlastung. Unser Team hat versucht, das Problem durch einen Neustart des Servers und eine Optimierung der Ressourcenverteilung zu beheben. Trotz dieser Maßnahmen besteht das Problem weiterhin. Wir befürchten, dass die Fähigkeit unserer Nutzer beeinträchtigt wird, auf die Plattform zuzugreifen und ihre Aufgaben zu erledigen. Könnten Sie bitte bei der Fehlerbehebung helfen und eine dauerhaftere Lösung finden? Wir würden eine Anleitung zur Unterstützung schätzen, um die Plattform wieder stabil zu betreiben.","Sehr geehrter Kundenservice, ich möchte ein Problem mit unserer SaaS-Projektmanagementplattform melden. Die Plattform erfährt wiederkehrende Ausfälle, die wahrscheinlich auf eine Serverüberlastung zurückzuführen sind. Unser Team versucht, das Problem durch einen Neustart des Servers und eine Optimierung der Ressourcenverteilung zu beheben. Trotz unserer Bemühungen besteht das Problem weiterhin. Wir befürchten, dass die Fähigkeit unserer Nutzer beeinträchtigt werden könnte, um auf die Plattform zuzugreifen und ihre Arbeit abzuschließen. Könnten Sie bitte bei der Fehlerbehebung helfen und eine dauerhaftere Lösung finden? Eine Anleitung oder Unterstützung, die angeboten werden kann, würde sehr geschätzt, damit die Plattform reibungslos funktioniert.",equivalent_template_variant,"Near-paraphrase or translation with the same core request, affected context, and intended support action.",Author,confirmed
49,0.9912900328636168,"Customer Support, we are reporting an issue with the investment optimization tool. The tool is experiencing delays in data processing, which may be due to insufficient memory allocation or software configuration errors. Despite restarting the RAID-Controller and checking the Asana integration, the issues still persist. We have tried troubleshooting the problem, but the delays continue to occur. We would greatly appreciate it if you could look into this matter and provide a solution as soon as possible. Please let us know if you require any additional information.","Customer Support, I am reporting an issue with the investment optimization tool. The tool is experiencing delays in data processing, which may be due to insufficient memory allocation or software configuration errors. Despite restarting the RAID-Controller and checking Asana integration, the issues persist. I have already tried troubleshooting, but the delays continue to occur. I would greatly appreciate it if you could look into this matter and provide a solution as soon as possible. Please let me know if there is any additional information you need.",equivalent_template_variant,"Near-paraphrase or translation with the same core request, affected context, and intended support action.",Author,confirmed
50,0.9819663166999816,Problem with Marketing Campaign Facing delays in the campaign due to software conflicts. Attempted troubleshooting with updates but the issue persists.,Marketing Campaign Problem Facing delays in the campaign due to software conflicts. Attempted troubleshooting with updates but no success.,equivalent_template_variant,"Near-paraphrase or translation with the same core request, affected context, and intended support action.",Author,confirmed
51,0.9958255290985109,Users have reported experiencing performance problems and outages across several products. Recent updates to the platform might be responsible for causing system overloads. Restarting services and clearing caches have temporarily resolved the issue. Further investigation is required to determine the underlying cause.,Users have reported experiencing performance problems and outages across various products. Recent updates to the platform might be causing system overloads. Restarting services and clearing caches have temporarily resolved the issue. An investigation is required to determine the underlying cause.,equivalent_template_variant,"Near-paraphrase or translation with the same core request, affected context, and intended support action.",Author,confirmed
52,0.9817561507225036,"Integrationsprobleme bei der Marketingagentur Sehr geehrter Kunde, ich schreibe Ihnen, um Ihre Aufmerksamkeit auf die Integrationsprobleme zu lenken, die die Marketingagentur auf mehreren Plattformen erfährt. Diese Verzögerungen bei den Kampagnen haben die Gesamtleistung beeinträchtigt. Bei ersten Untersuchungen wurden mögliche Ursachen in Softwareinkompatibilitäten und fehlenden Updates festgestellt. Wir haben versucht, Konflikte durch Softwareaktualisierungen und Neustarts unserer Systeme zu beheben, leider waren diese Maßnahmen erfolglos. Wir bitten um Ihre fachkundige Unterstützung bei der Lösung des Problems. Könnten Sie bitte Anweisungen und Unterstützung anbieten, um die Integrationsprobleme zu überwinden? Wir schätzen Ihre schnelle Aufmerksamkeit für dieses Anliegen.","Integrationsprobleme mit Marketingagentur Sehr geehrter Kunde, ich kontaktiere Sie, um Ihre Aufmerksamkeit auf die Integrationsprobleme zu lenken, die bei der Marketingagentur auf mehreren Plattformen auftreten. Diese Verzögerungen bei Kampagnen haben die Gesamtleistung beeinträchtigt. Erste Untersuchungen haben mögliche Ursachen wie Softwareinkompatibilitäten und notwendige Updates identifiziert. Wir haben versucht, Konflikte durch Software-Updates und Neustarts unserer Systeme zu beheben, jedoch waren unsere Bemühungen erfolglos. Bitte wenden Sie sich an einen Fachmann, um Unterstützung bei der Lösung des Problems zu erhalten. Könnten Sie bitte eine Anleitung oder Unterstützung anbieten, um die Integrationsprobleme zu überwinden? Wir schätzen Ihre schnelle Rückmeldung.",equivalent_template_variant,"Near-paraphrase or translation with the same core request, affected context, and intended support action.",Author,confirmed
53,0.9855725169181824,"Detailed Security Protocols for Microsoft SQL Server 2019 Please provide a detailed guide on the security protocols for Microsoft SQL Server 2019 in the context of hospital data management. This should include information on data encryption, access controls, and backup procedures. The aim is to ensure the security and integrity of patient data. A comprehensive guide is required.","Microsoft SQL Server 2019 Security Protocols Could you please provide a detailed guide on the security protocols for Microsoft SQL Server 2019, specifically for hospital data management? This should include information on data encryption, access controls, and backup procedures. It is crucial to ensure the security and integrity of patient data. A comprehensive guide on implementing these protocols would be greatly appreciated.",equivalent_template_variant,"Near-paraphrase or translation with the same core request, affected context, and intended support action.",Author,confirmed
54,0.9822567105293274,"Problem with Screen Recorder during Presentations on Google Meet Experienced intermittent issues with the Screen Recorder during project presentations on Google Meet. This might be due to recent updates that have affected compatibility. I have already tried reinstalling the Screen Recorder and updating my drivers, but the problem still persists. This issue is causing disruptions during meetings and presentations. I would greatly appreciate it if you could look into the matter and provide a solution or guidance to resolve the issue. Please let me know if you need additional steps to troubleshoot the problem.","Problem with Screen Recorder During Presentations on Google Meet I have encountered an intermittent issue with the Screen Recorder during project presentations on Google Meet. This might be due to recent updates that have affected compatibility. I have already tried reinstalling the Screen Recorder and updating my drivers, but the problem still persists. This issue is causing disruptions during meetings and presentations. I would greatly appreciate it if you could look into the matter and provide a solution or guidance on how to resolve it. Please let me know if there are any additional steps I can take to troubleshoot the problem.",equivalent_template_variant,"Near-paraphrase or translation with the same core request, affected context, and intended support action.",Author,confirmed
55,0.993022322654724,"Hello Customer Support, I am inquiring about digital strategies to effectively promote our brand. Could you provide some information on the topics and tools available that would help us increase our online presence and reach our target audience? I would greatly appreciate your assistance and look forward to hearing back from you soon.","Hello Customer Support, I am inquiring about digital strategies to promote our brand effectively. Could you provide some information on the topics and tools available that could help us increase our online presence and reach our target audience? I look forward to your assistance and am open to discussing this further at your convenience. Thank you for your time and I look forward to hearing back from you soon.",equivalent_template_variant,"Near-paraphrase or translation with the same core request, affected context, and intended support action.",Author,confirmed
56,0.9847157597541808,"Improve Security for Medical Data Management Systems Requesting the implementation of enhanced security measures for the integration of medical data management within hospital systems, focusing on the affected products. It is crucial to ensure the confidentiality and integrity of sensitive patient information. I would greatly appreciate it if you could look into implementing the necessary security protocols at your earliest convenience.","Improve Security in Medical Data Management Systems Requesting the implementation of enhanced security measures for medical data management to be integrated within the hospital systems, focusing on the affected products. It is crucial to ensure the confidentiality and integrity of sensitive patient information. I would greatly appreciate it if this matter could be addressed and necessary security protocols could be implemented as soon as possible.",equivalent_template_variant,"Near-paraphrase or translation with the same core request, affected context, and intended support action.",Author,confirmed
57,0.9898170232772828,"Inquiry into SaaS Project Management Features Hello, I am inquiring about the features of SaaS project management, specifically regarding integration capabilities. Could you provide more details on how the platform handles task assignments, progress tracking, and team collaboration? I am also interested in learning about the different integration options available, particularly with popular tools such as Google Drive and Trello. Additionally, could you share information on the pricing plans and any discounts for long-term commitments? I appreciate your time and look forward to hearing back from you.","Inquiry on SaaS Project Management Features Hello, I am reaching out to inquire about the features of your SaaS project management platform, specifically its integration capabilities. Could you provide more details on how the platform handles task assignments, progress tracking, and team collaboration? I am also interested in learning about the different integration options available, particularly with tools like Google Drive and Trello. Additionally, could you share information on pricing plans and any discounts for long-term commitments? Thank you for your assistance, and I look forward to hearing back.",equivalent_template_variant,"Near-paraphrase or translation with the same core request, affected context, and intended support action.",Author,confirmed
58,0.9883344769477844,"Security Access Issue Identified An unauthorized access attempt has been detected in the healthcare system, which could potentially expose sensitive medical data. This might have occurred due to outdated security protocols. To date, we have updated the antivirus software and reviewed user access logs. We need assistance in investigating the matter and implementing robust security measures to prevent future incidents. Could you please provide guidance on the next steps and additional measures to implement a secure system?","Security Access Issue Alerted An unauthorized access attempt has been detected in the healthcare system, which could potentially expose sensitive medical data. This might have occurred due to outdated security protocols. To date, we have updated the antivirus software and reviewed user access logs. We need assistance in investigating this matter and implementing robust security measures to prevent such incidents in the future. Could you please provide guidance on the next steps and any additional measures to implement a secure system?",equivalent_template_variant,"Near-paraphrase or translation with the same core request, affected context, and intended support action.",Author,confirmed
59,0.9870114326477052,"Query Regarding Digital Marketing Services Customer Support, seeking insights into digital marketing strategy packages that can aid in brand growth. Could you furnish details on the services offered and how they might benefit my business? I am particularly keen on understanding the approach to social media marketing, search engine optimization, and content creation. Additionally, could you provide examples of successful campaigns managed in the past? I would greatly appreciate any information provided, including pricing details for the packages. Thank you for your time and look forward to your response.","Query about Digital Marketing Services Customer Support, seeking insights into digital marketing strategy packages that could aid in brand growth. Could you offer information on what services are provided and how they benefit a business? I am particularly interested in learning about the approach to social media marketing, search engine optimization, and content creation. Additionally, could you share some examples of successful campaigns from your past? I would greatly appreciate any information provided, including details on pricing for the different packages. I look forward to your response.",equivalent_template_variant,"Near-paraphrase or translation with the same core request, affected context, and intended support action.",Author,confirmed
60,0.9877582788467408,"Request for Support with PyTorch Integration Dear Customer Support, I am reaching out to request detailed documentation on how to integrate PyTorch with our scalable SaaS project management platform. Currently, I am working on a project that requires machine learning capabilities, and I believe PyTorch would be an excellent tool to utilize. However, I am having difficulty locating resources on how to perform this integration. Could you please provide guidance on how to get started? I would greatly appreciate any documentation, tutorials, or example implementations you can share. Thank you for your time and assistance.","Assistance Needed for PyTorch Integration Dear Customer Support, I am reaching out to request detailed documentation on how to integrate PyTorch with a scalable SaaS project management platform. Currently, I am working on a project that involves machine learning, and I believe PyTorch would be an excellent tool to utilize. However, I am having difficulty locating resources for platform integration. Could you please provide guidance on how to get started? I would appreciate any documentation, tutorials, or example cases you can share. Thank you for your time and assistance.",equivalent_template_variant,"Near-paraphrase or translation with the same core request, affected context, and intended support action.",Author,confirmed
