case_id,case_type,feature_set,model,model_label,modeling_row_id,semantic_group_id,actual_class,predicted_class,direction,rank,feature_index,feature_name,feature_label,feature_group,feature_value,shap_value,abs_shap_value
case_01,unanimous_correct_low,FS5,lightgbm,LightGBM,753,15f7e749ff1aa7e7800283d66efd3a71acbcd8d0,low,low,supports_prediction,1,15007,categorical__queue_Customer Service,Customer Service,queue,1.0,0.254716157913208,0.254716157913208
case_01,unanimous_correct_low,FS5,lightgbm,LightGBM,753,15f7e749ff1aa7e7800283d66efd3a71acbcd8d0,low,low,supports_prediction,2,6624,text__word__optimal,optimal,text,0.12103673815727234,0.11068810522556305,0.11068810522556305
case_01,unanimous_correct_low,FS5,lightgbm,LightGBM,753,15f7e749ff1aa7e7800283d66efd3a71acbcd8d0,low,low,supports_prediction,3,2717,text__word__devices,devices,text,0.07248659431934357,0.09826689213514328,0.09826689213514328
case_01,unanimous_correct_low,FS5,lightgbm,LightGBM,753,15f7e749ff1aa7e7800283d66efd3a71acbcd8d0,low,low,supports_prediction,4,11676,text__char__ sh,[char]  sh,text,0.052656080573797226,0.09392614662647247,0.09392614662647247
case_01,unanimous_correct_low,FS5,lightgbm,LightGBM,753,15f7e749ff1aa7e7800283d66efd3a71acbcd8d0,low,low,supports_prediction,5,11678,text__char__ shar,[char]  shar,text,0.0359947606921196,0.043348103761672974,0.043348103761672974
case_01,unanimous_correct_low,FS5,lightgbm,LightGBM,753,15f7e749ff1aa7e7800283d66efd3a71acbcd8d0,low,low,supports_prediction,6,14370,text__char__share,[char] share,text,0.03627881780266762,0.0341220460832119,0.0341220460832119
case_01,unanimous_correct_low,FS5,lightgbm,LightGBM,753,15f7e749ff1aa7e7800283d66efd3a71acbcd8d0,low,low,supports_prediction,7,13463,text__char__mes,[char] mes,text,0.03097006492316723,0.03202877938747406,0.03202877938747406
case_01,unanimous_correct_low,FS5,lightgbm,LightGBM,753,15f7e749ff1aa7e7800283d66efd3a71acbcd8d0,low,low,supports_prediction,8,2039,text__word__could please,could please,text,0.06775957345962524,0.02051873505115509,0.02051873505115509
case_01,unanimous_correct_low,FS5,lightgbm,LightGBM,753,15f7e749ff1aa7e7800283d66efd3a71acbcd8d0,low,low,supports_prediction,9,14540,text__char__techn,[char] techn,text,0.030317232012748718,0.019813047721982002,0.019813047721982002
case_01,unanimous_correct_low,FS5,lightgbm,LightGBM,753,15f7e749ff1aa7e7800283d66efd3a71acbcd8d0,low,low,supports_prediction,10,12250,text__char__chni,[char] chni,text,0.031073465943336487,0.015937643125653267,0.015937643125653267
case_01,unanimous_correct_low,FS5,lightgbm,LightGBM,753,15f7e749ff1aa7e7800283d66efd3a71acbcd8d0,low,low,opposes_prediction,1,13946,text__char__plat,[char] plat,text,0.022208910435438156,-0.09234291315078735,0.09234291315078735
case_01,unanimous_correct_low,FS5,lightgbm,LightGBM,753,15f7e749ff1aa7e7800283d66efd3a71acbcd8d0,low,low,opposes_prediction,2,14587,text__char__tform,[char] tform,text,0.022285502403974533,-0.08021128177642822,0.08021128177642822
case_01,unanimous_correct_low,FS5,lightgbm,LightGBM,753,15f7e749ff1aa7e7800283d66efd3a71acbcd8d0,low,low,opposes_prediction,3,11620,text__char__ plat,[char]  plat,text,0.02335776388645172,-0.03105975314974785,0.03105975314974785
case_01,unanimous_correct_low,FS5,lightgbm,LightGBM,753,15f7e749ff1aa7e7800283d66efd3a71acbcd8d0,low,low,opposes_prediction,4,14585,text__char__tfo,[char] tfo,text,0.0218853447586298,-0.027710409834980965,0.027710409834980965
case_01,unanimous_correct_low,FS5,lightgbm,LightGBM,753,15f7e749ff1aa7e7800283d66efd3a71acbcd8d0,low,low,opposes_prediction,5,14368,text__char__sha,[char] sha,text,0.03516634181141853,-0.023128386586904526,0.023128386586904526
case_01,unanimous_correct_low,FS5,lightgbm,LightGBM,753,15f7e749ff1aa7e7800283d66efd3a71acbcd8d0,low,low,opposes_prediction,6,13864,text__char__ould ,[char] ould ,text,0.0389382541179657,-0.02180015668272972,0.02180015668272972
case_01,unanimous_correct_low,FS5,lightgbm,LightGBM,753,15f7e749ff1aa7e7800283d66efd3a71acbcd8d0,low,low,opposes_prediction,7,11711,text__char__ sys,[char]  sys,text,0.030752545222640038,-0.02115456387400627,0.02115456387400627
case_01,unanimous_correct_low,FS5,lightgbm,LightGBM,753,15f7e749ff1aa7e7800283d66efd3a71acbcd8d0,low,low,opposes_prediction,8,12065,text__char__atf,[char] atf,text,0.024896658957004547,-0.01850941590964794,0.01850941590964794
case_01,unanimous_correct_low,FS5,lightgbm,LightGBM,753,15f7e749ff1aa7e7800283d66efd3a71acbcd8d0,low,low,opposes_prediction,9,13862,text__char__oul,[char] oul,text,0.03893585503101349,-0.01688198558986187,0.01688198558986187
case_01,unanimous_correct_low,FS5,lightgbm,LightGBM,753,15f7e749ff1aa7e7800283d66efd3a71acbcd8d0,low,low,opposes_prediction,10,11145,text__word__would,would,text,0.0714634582400322,-0.014062734320759773,0.014062734320759773
case_02,unanimous_correct_medium,FS5,lightgbm,LightGBM,22,ee037e0444486ca7203bcbbbf5f4913dbc650aff,medium,medium,supports_prediction,1,251,text__word__additionally please,additionally please,text,0.13390468060970306,0.5804290771484375,0.5804290771484375
case_02,unanimous_correct_medium,FS5,lightgbm,LightGBM,22,ee037e0444486ca7203bcbbbf5f4913dbc650aff,medium,medium,supports_prediction,2,2666,text__word__details payment,details payment,text,0.1616174429655075,0.489364355802536,0.489364355802536
case_02,unanimous_correct_medium,FS5,lightgbm,LightGBM,22,ee037e0444486ca7203bcbbbf5f4913dbc650aff,medium,medium,supports_prediction,3,11520,text__char__ invo,[char]  invo,text,0.03179391846060753,0.09072810411453247,0.09072810411453247
case_02,unanimous_correct_medium,FS5,lightgbm,LightGBM,22,ee037e0444486ca7203bcbbbf5f4913dbc650aff,medium,medium,supports_prediction,4,2828,text__word__discounts,discounts,text,0.1103324294090271,0.08067981898784637,0.08067981898784637
case_02,unanimous_correct_medium,FS5,lightgbm,LightGBM,22,ee037e0444486ca7203bcbbbf5f4913dbc650aff,medium,medium,supports_prediction,5,14655,text__char__tru,[char] tru,text,0.029532013460993767,0.04688316211104393,0.04688316211104393
case_02,unanimous_correct_medium,FS5,lightgbm,LightGBM,22,ee037e0444486ca7203bcbbbf5f4913dbc650aff,medium,medium,supports_prediction,6,11721,text__char__ thei,[char]  thei,text,0.03558657318353653,0.04255484417080879,0.04255484417080879
case_02,unanimous_correct_medium,FS5,lightgbm,LightGBM,22,ee037e0444486ca7203bcbbbf5f4913dbc650aff,medium,medium,supports_prediction,7,6700,text__word__organizations,organizations,text,0.14494089782238007,0.034292906522750854,0.034292906522750854
case_02,unanimous_correct_medium,FS5,lightgbm,LightGBM,22,ee037e0444486ca7203bcbbbf5f4913dbc650aff,medium,medium,supports_prediction,8,11597,text__char__ on ,[char]  on ,text,0.017284180968999863,0.029536647722125053,0.029536647722125053
case_02,unanimous_correct_medium,FS5,lightgbm,LightGBM,22,ee037e0444486ca7203bcbbbf5f4913dbc650aff,medium,medium,supports_prediction,9,12561,text__char__eir,[char] eir,text,0.03558657318353653,0.027010615915060043,0.027010615915060043
case_02,unanimous_correct_medium,FS5,lightgbm,LightGBM,22,ee037e0444486ca7203bcbbbf5f4913dbc650aff,medium,medium,supports_prediction,10,15006,categorical__queue_Billing and Payments,Billing and Payments,queue,1.0,0.021036583930253983,0.021036583930253983
case_02,unanimous_correct_medium,FS5,lightgbm,LightGBM,22,ee037e0444486ca7203bcbbbf5f4913dbc650aff,medium,medium,opposes_prediction,1,13194,text__char__iscou,[char] iscou,text,0.04432132840156555,-0.06000376492738724,0.06000376492738724
case_02,unanimous_correct_medium,FS5,lightgbm,LightGBM,22,ee037e0444486ca7203bcbbbf5f4913dbc650aff,medium,medium,opposes_prediction,2,4598,text__word__industry,industry,text,0.12624166905879974,-0.054940707981586456,0.054940707981586456
case_02,unanimous_correct_medium,FS5,lightgbm,LightGBM,22,ee037e0444486ca7203bcbbbf5f4913dbc650aff,medium,medium,opposes_prediction,3,1256,text__word__billing details,billing details,text,0.13541743159294128,-0.04202777519822121,0.04202777519822121
case_02,unanimous_correct_medium,FS5,lightgbm,LightGBM,22,ee037e0444486ca7203bcbbbf5f4913dbc650aff,medium,medium,opposes_prediction,4,14660,text__char__try.,[char] try.,text,0.05833360552787781,-0.0419180691242218,0.0419180691242218
case_02,unanimous_correct_medium,FS5,lightgbm,LightGBM,22,ee037e0444486ca7203bcbbbf5f4913dbc650aff,medium,medium,opposes_prediction,5,12414,text__char__disco,[char] disco,text,0.04016633331775665,-0.03487149998545647,0.03487149998545647
case_02,unanimous_correct_medium,FS5,lightgbm,LightGBM,22,ee037e0444486ca7203bcbbbf5f4913dbc650aff,medium,medium,opposes_prediction,6,11614,text__char__ paym,[char]  paym,text,0.06233188882470131,-0.02673974819481373,0.02673974819481373
case_02,unanimous_correct_medium,FS5,lightgbm,LightGBM,22,ee037e0444486ca7203bcbbbf5f4913dbc650aff,medium,medium,opposes_prediction,7,12858,text__char__ge ,[char] ge ,text,0.02077784389257431,-0.01842266507446766,0.01842266507446766
case_02,unanimous_correct_medium,FS5,lightgbm,LightGBM,22,ee037e0444486ca7203bcbbbf5f4913dbc650aff,medium,medium,opposes_prediction,8,8709,text__word__services,services,text,0.07020249962806702,-0.01311009656637907,0.01311009656637907
case_02,unanimous_correct_medium,FS5,lightgbm,LightGBM,22,ee037e0444486ca7203bcbbbf5f4913dbc650aff,medium,medium,opposes_prediction,9,15017,sentiment__sentiment_neutral,sentiment_neutral,sentiment,0.4229707717895508,-0.010416468605399132,0.010416468605399132
case_02,unanimous_correct_medium,FS5,lightgbm,LightGBM,22,ee037e0444486ca7203bcbbbf5f4913dbc650aff,medium,medium,opposes_prediction,10,11317,text__char__ a ,[char]  a ,text,0.016720831394195557,-0.008956709876656532,0.008956709876656532
case_03,unanimous_correct_high,FS5,lightgbm,LightGBM,1,5c1adc7aa2813d400ebf30ac65484e8b7383ede9,high,high,supports_prediction,1,151,text__word__account management,account management,text,0.14956600964069366,0.8403891324996948,0.8403891324996948
case_03,unanimous_correct_high,FS5,lightgbm,LightGBM,1,5c1adc7aa2813d400ebf30ac65484e8b7383ede9,high,high,supports_prediction,2,15015,categorical__queue_Technical Support,Technical Support,queue,1.0,0.532924473285675,0.532924473285675
case_03,unanimous_correct_high,FS5,lightgbm,LightGBM,1,5c1adc7aa2813d400ebf30ac65484e8b7383ede9,high,high,supports_prediction,3,10985,text__word__ways,ways,text,0.1328556090593338,0.2971879243850708,0.2971879243850708
case_03,unanimous_correct_high,FS5,lightgbm,LightGBM,1,5c1adc7aa2813d400ebf30ac65484e8b7383ede9,high,high,supports_prediction,4,12432,text__char__dow,[char] dow,text,0.03583039715886116,0.15843626856803894,0.15843626856803894
case_03,unanimous_correct_high,FS5,lightgbm,LightGBM,1,5c1adc7aa2813d400ebf30ac65484e8b7383ede9,high,high,supports_prediction,5,8910,text__word__significant,significant,text,0.08917856961488724,0.15809929370880127,0.15809929370880127
case_03,unanimous_correct_high,FS5,lightgbm,LightGBM,1,5c1adc7aa2813d400ebf30ac65484e8b7383ede9,high,high,supports_prediction,6,12175,text__char__bst,[char] bst,text,0.0433475561439991,0.10128560662269592,0.10128560662269592
case_03,unanimous_correct_high,FS5,lightgbm,LightGBM,1,5c1adc7aa2813d400ebf30ac65484e8b7383ede9,high,high,supports_prediction,7,11604,text__char__ outa,[char]  outa,text,0.0607261098921299,0.07388342916965485,0.07388342916965485
case_03,unanimous_correct_high,FS5,lightgbm,LightGBM,1,5c1adc7aa2813d400ebf30ac65484e8b7383ede9,high,high,supports_prediction,8,14824,text__char__utag,[char] utag,text,0.06068610027432442,0.06062784045934677,0.06062784045934677
case_03,unanimous_correct_high,FS5,lightgbm,LightGBM,1,5c1adc7aa2813d400ebf30ac65484e8b7383ede9,high,high,supports_prediction,9,9929,text__word__time,time,text,0.07407880574464798,0.05408215522766113,0.05408215522766113
case_03,unanimous_correct_high,FS5,lightgbm,LightGBM,1,5c1adc7aa2813d400ebf30ac65484e8b7383ede9,high,high,supports_prediction,10,13917,text__char__pea,[char] pea,text,0.03377703204751015,0.04984327405691147,0.04984327405691147
case_03,unanimous_correct_high,FS5,lightgbm,LightGBM,1,5c1adc7aa2813d400ebf30ac65484e8b7383ede9,high,high,opposes_prediction,1,13535,text__char__nati,[char] nati,text,0.044422052800655365,-0.1791004091501236,0.1791004091501236
case_03,unanimous_correct_high,FS5,lightgbm,LightGBM,1,5c1adc7aa2813d400ebf30ac65484e8b7383ede9,high,high,opposes_prediction,2,2189,text__word__customer,customer,text,0.04827238991856575,-0.1157894879579544,0.1157894879579544
case_03,unanimous_correct_high,FS5,lightgbm,LightGBM,1,5c1adc7aa2813d400ebf30ac65484e8b7383ede9,high,high,opposes_prediction,3,829,text__word__attempted,attempted,text,0.07806918025016785,-0.048206303268671036,0.048206303268671036
case_03,unanimous_correct_high,FS5,lightgbm,LightGBM,1,5c1adc7aa2813d400ebf30ac65484e8b7383ede9,high,high,opposes_prediction,4,12353,text__char__date ,[char] date ,text,0.02925015054643154,-0.029991358518600464,0.029991358518600464
case_03,unanimous_correct_high,FS5,lightgbm,LightGBM,1,5c1adc7aa2813d400ebf30ac65484e8b7383ede9,high,high,opposes_prediction,5,13464,text__char__mes ,[char] mes ,text,0.04013776406645775,-0.026077784597873688,0.026077784597873688
case_03,unanimous_correct_high,FS5,lightgbm,LightGBM,1,5c1adc7aa2813d400ebf30ac65484e8b7383ede9,high,high,opposes_prediction,6,14439,text__char__sta,[char] sta,text,0.023082837462425232,-0.02473919838666916,0.02473919838666916
case_03,unanimous_correct_high,FS5,lightgbm,LightGBM,1,5c1adc7aa2813d400ebf30ac65484e8b7383ede9,high,high,opposes_prediction,7,2023,text__word__could,could,text,0.04647925868630409,-0.02320241928100586,0.02320241928100586
case_03,unanimous_correct_high,FS5,lightgbm,LightGBM,1,5c1adc7aa2813d400ebf30ac65484e8b7383ede9,high,high,opposes_prediction,8,12820,text__char__fli,[char] fli,text,0.030220486223697662,-0.021694397553801537,0.021694397553801537
case_03,unanimous_correct_high,FS5,lightgbm,LightGBM,1,5c1adc7aa2813d400ebf30ac65484e8b7383ede9,high,high,opposes_prediction,9,149,text__word__account,account,text,0.25107795000076294,-0.019759200513362885,0.019759200513362885
case_03,unanimous_correct_high,FS5,lightgbm,LightGBM,1,5c1adc7aa2813d400ebf30ac65484e8b7383ede9,high,high,opposes_prediction,10,14789,text__char__upt,[char] upt,text,0.028958037495613098,-0.016533080488443375,0.016533080488443375
case_04,typical_low_to_medium,FS5,lightgbm,LightGBM,126,890270067c166c047ceda5d45e5e16ea678f5fa8,low,medium,supports_prediction,1,6082,text__word__meet expectations,meet expectations,text,0.15108585357666016,0.3606845438480377,0.3606845438480377
case_04,typical_low_to_medium,FS5,lightgbm,LightGBM,126,890270067c166c047ceda5d45e5e16ea678f5fa8,low,medium,supports_prediction,2,12883,text__char__gin,[char] gin,text,0.04648299142718315,0.158779576420784,0.158779576420784
case_04,typical_low_to_medium,FS5,lightgbm,LightGBM,126,890270067c166c047ceda5d45e5e16ea678f5fa8,low,medium,supports_prediction,3,10594,text__word__usb,usb,text,0.13714554905891418,0.03339976444840431,0.03339976444840431
case_04,typical_low_to_medium,FS5,lightgbm,LightGBM,126,890270067c166c047ceda5d45e5e16ea678f5fa8,low,medium,supports_prediction,4,14165,text__char__riv,[char] riv,text,0.030991794541478157,0.02366427332162857,0.02366427332162857
case_04,typical_low_to_medium,FS5,lightgbm,LightGBM,126,890270067c166c047ceda5d45e5e16ea678f5fa8,low,medium,supports_prediction,5,15001,categorical__type_Incident,Incident,type,1.0,0.012006014585494995,0.012006014585494995
case_04,typical_low_to_medium,FS5,lightgbm,LightGBM,126,890270067c166c047ceda5d45e5e16ea678f5fa8,low,medium,supports_prediction,6,13038,text__char__ic ,[char] ic ,text,0.0425027497112751,0.010933191515505314,0.010933191515505314
case_04,typical_low_to_medium,FS5,lightgbm,LightGBM,126,890270067c166c047ceda5d45e5e16ea678f5fa8,low,medium,supports_prediction,7,11444,text__char__ dur,[char]  dur,text,0.02049313485622406,0.010789514519274235,0.010789514519274235
case_04,typical_low_to_medium,FS5,lightgbm,LightGBM,126,890270067c166c047ceda5d45e5e16ea678f5fa8,low,medium,supports_prediction,8,13691,text__char__ntly ,[char] ntly ,text,0.0237160325050354,0.009226559661328793,0.009226559661328793
case_04,typical_low_to_medium,FS5,lightgbm,LightGBM,126,890270067c166c047ceda5d45e5e16ea678f5fa8,low,medium,supports_prediction,9,14580,text__char__tes,[char] tes,text,0.01724960282444954,0.007307802326977253,0.007307802326977253
case_04,typical_low_to_medium,FS5,lightgbm,LightGBM,126,890270067c166c047ceda5d45e5e16ea678f5fa8,low,medium,supports_prediction,10,12001,text__char__ard,[char] ard,text,0.03570910170674324,0.006003630813211203,0.006003630813211203
case_04,typical_low_to_medium,FS5,lightgbm,LightGBM,126,890270067c166c047ceda5d45e5e16ea678f5fa8,low,medium,opposes_prediction,1,3098,text__word__electronic,electronic,text,0.26092901825904846,-0.10788969695568085,0.10788969695568085
case_04,typical_low_to_medium,FS5,lightgbm,LightGBM,126,890270067c166c047ceda5d45e5e16ea678f5fa8,low,medium,opposes_prediction,2,14807,text__char__urn,[char] urn,text,0.06265298277139664,-0.0765094980597496,0.0765094980597496
case_04,typical_low_to_medium,FS5,lightgbm,LightGBM,126,890270067c166c047ceda5d45e5e16ea678f5fa8,low,medium,opposes_prediction,3,1737,text__word__come,come,text,0.15672755241394043,-0.040634773671627045,0.040634773671627045
case_04,typical_low_to_medium,FS5,lightgbm,LightGBM,126,890270067c166c047ceda5d45e5e16ea678f5fa8,low,medium,opposes_prediction,4,15017,sentiment__sentiment_neutral,sentiment_neutral,sentiment,0.3566291630268097,-0.010958866216242313,0.010958866216242313
case_04,typical_low_to_medium,FS5,lightgbm,LightGBM,126,890270067c166c047ceda5d45e5e16ea678f5fa8,low,medium,opposes_prediction,5,12955,text__char__hes,[char] hes,text,0.01767810620367527,-0.0059231542982161045,0.0059231542982161045
case_04,typical_low_to_medium,FS5,lightgbm,LightGBM,126,890270067c166c047ceda5d45e5e16ea678f5fa8,low,medium,opposes_prediction,6,12417,text__char__diti,[char] diti,text,0.020838212221860886,-0.002671838505193591,0.002671838505193591
case_04,typical_low_to_medium,FS5,lightgbm,LightGBM,126,890270067c166c047ceda5d45e5e16ea678f5fa8,low,medium,opposes_prediction,7,12118,text__char__bee,[char] bee,text,0.0188343096524477,-0.002095572417601943,0.002095572417601943
case_04,typical_low_to_medium,FS5,lightgbm,LightGBM,126,890270067c166c047ceda5d45e5e16ea678f5fa8,low,medium,opposes_prediction,8,12328,text__char__ctio,[char] ctio,text,0.02021823823451996,-0.0012088411021977663,0.0012088411021977663
case_04,typical_low_to_medium,FS5,lightgbm,LightGBM,126,890270067c166c047ceda5d45e5e16ea678f5fa8,low,medium,opposes_prediction,9,11441,text__char__ dri,[char]  dri,text,0.02815420925617218,-0.0011427730787545443,0.0011427730787545443
case_04,typical_low_to_medium,FS5,lightgbm,LightGBM,126,890270067c166c047ceda5d45e5e16ea678f5fa8,low,medium,opposes_prediction,10,13605,text__char__nic,[char] nic,text,0.04565557837486267,-0.0011022707913070917,0.0011022707913070917
case_05,typical_high_to_medium,FS5,lightgbm,LightGBM,394,a290262a783ad8b4921aa46b3c337daf9f4dbeb1,high,low,supports_prediction,1,15007,categorical__queue_Customer Service,Customer Service,queue,1.0,0.37926962971687317,0.37926962971687317
case_05,typical_high_to_medium,FS5,lightgbm,LightGBM,394,a290262a783ad8b4921aa46b3c337daf9f4dbeb1,high,low,supports_prediction,2,11998,text__char__aran ,[char] aran ,text,0.03691352158784866,0.15324778854846954,0.15324778854846954
case_05,typical_high_to_medium,FS5,lightgbm,LightGBM,394,a290262a783ad8b4921aa46b3c337daf9f4dbeb1,high,low,supports_prediction,3,2240,text__word__daran,daran,text,0.09621497988700867,0.09971988201141357,0.09971988201141357
case_05,typical_high_to_medium,FS5,lightgbm,LightGBM,394,a290262a783ad8b4921aa46b3c337daf9f4dbeb1,high,low,supports_prediction,4,14037,text__char__ran ,[char] ran ,text,0.036878522485494614,0.04499600827693939,0.04499600827693939
case_05,typical_high_to_medium,FS5,lightgbm,LightGBM,394,a290262a783ad8b4921aa46b3c337daf9f4dbeb1,high,low,supports_prediction,5,5066,text__word__interessiert mehr,interessiert mehr,text,0.1118335947394371,0.041113365441560745,0.041113365441560745
case_05,typical_high_to_medium,FS5,lightgbm,LightGBM,394,a290262a783ad8b4921aa46b3c337daf9f4dbeb1,high,low,supports_prediction,6,4689,text__word__informationen,informationen,text,0.10707922279834747,0.030239930376410484,0.030239930376410484
case_05,typical_high_to_medium,FS5,lightgbm,LightGBM,394,a290262a783ad8b4921aa46b3c337daf9f4dbeb1,high,low,supports_prediction,7,5514,text__word__könnten bitte,könnten bitte,text,0.07815998047590256,0.029515990987420082,0.029515990987420082
case_05,typical_high_to_medium,FS5,lightgbm,LightGBM,394,a290262a783ad8b4921aa46b3c337daf9f4dbeb1,high,low,supports_prediction,8,13457,text__char__mehr ,[char] mehr ,text,0.04461789131164551,0.027314623817801476,0.027314623817801476
case_05,typical_high_to_medium,FS5,lightgbm,LightGBM,394,a290262a783ad8b4921aa46b3c337daf9f4dbeb1,high,low,supports_prediction,9,13785,text__char__one,[char] one,text,0.038738273084163666,0.01369384303689003,0.01369384303689003
case_05,typical_high_to_medium,FS5,lightgbm,LightGBM,394,a290262a783ad8b4921aa46b3c337daf9f4dbeb1,high,low,supports_prediction,10,11366,text__char__ bin,[char]  bin,text,0.031069330871105194,0.01293123047798872,0.01293123047798872
case_05,typical_high_to_medium,FS5,lightgbm,LightGBM,394,a290262a783ad8b4921aa46b3c337daf9f4dbeb1,high,low,opposes_prediction,1,3277,text__word__erfahren,erfahren,text,0.14238125085830688,-0.08922405540943146,0.08922405540943146
case_05,typical_high_to_medium,FS5,lightgbm,LightGBM,394,a290262a783ad8b4921aa46b3c337daf9f4dbeb1,high,low,opposes_prediction,2,15003,categorical__type_Request,Request,type,1.0,-0.019646627828478813,0.019646627828478813
case_05,typical_high_to_medium,FS5,lightgbm,LightGBM,394,a290262a783ad8b4921aa46b3c337daf9f4dbeb1,high,low,opposes_prediction,3,12690,text__char__err,[char] err,text,0.02102602645754814,-0.01724066026508808,0.01724066026508808
case_05,typical_high_to_medium,FS5,lightgbm,LightGBM,394,a290262a783ad8b4921aa46b3c337daf9f4dbeb1,high,low,opposes_prediction,4,13127,text__char__infor,[char] infor,text,0.022866426035761833,-0.013690058141946793,0.013690058141946793
case_05,typical_high_to_medium,FS5,lightgbm,LightGBM,394,a290262a783ad8b4921aa46b3c337daf9f4dbeb1,high,low,opposes_prediction,5,13125,text__char__inen ,[char] inen ,text,0.025513464584946632,-0.011900514364242554,0.011900514364242554
case_05,typical_high_to_medium,FS5,lightgbm,LightGBM,394,a290262a783ad8b4921aa46b3c337daf9f4dbeb1,high,low,opposes_prediction,6,12581,text__char__em ,[char] em ,text,0.012241079472005367,-0.01007287297397852,0.01007287297397852
case_05,typical_high_to_medium,FS5,lightgbm,LightGBM,394,a290262a783ad8b4921aa46b3c337daf9f4dbeb1,high,low,opposes_prediction,7,12736,text__char__eta,[char] eta,text,0.01625671051442623,-0.003117886371910572,0.003117886371910572
case_05,typical_high_to_medium,FS5,lightgbm,LightGBM,394,a290262a783ad8b4921aa46b3c337daf9f4dbeb1,high,low,opposes_prediction,8,12058,text__char__ateg,[char] ateg,text,0.017519328743219376,-0.0028136156033724546,0.0028136156033724546
case_05,typical_high_to_medium,FS5,lightgbm,LightGBM,394,a290262a783ad8b4921aa46b3c337daf9f4dbeb1,high,low,opposes_prediction,9,14448,text__char__ste,[char] ste,text,0.01635933667421341,-0.001969221280887723,0.001969221280887723
case_05,typical_high_to_medium,FS5,lightgbm,LightGBM,394,a290262a783ad8b4921aa46b3c337daf9f4dbeb1,high,low,opposes_prediction,10,1158,text__word__bereitstellen,bereitstellen,text,0.07730682939291,-0.0015826805029064417,0.0015826805029064417
case_06,critical_low_to_high,FS5,lightgbm,LightGBM,8,66db6625b564da4549986df74e6db441a323c089,low,high,supports_prediction,1,15015,categorical__queue_Technical Support,Technical Support,queue,1.0,0.6567567586898804,0.6567567586898804
case_06,critical_low_to_high,FS5,lightgbm,LightGBM,8,66db6625b564da4549986df74e6db441a323c089,low,high,supports_prediction,2,15003,categorical__type_Request,Request,type,1.0,0.09120916575193405,0.09120916575193405
case_06,critical_low_to_high,FS5,lightgbm,LightGBM,8,66db6625b564da4549986df74e6db441a323c089,low,high,supports_prediction,3,13314,text__char__latt,[char] latt,text,0.04603172838687897,0.07099034637212753,0.07099034637212753
case_06,critical_low_to_high,FS5,lightgbm,LightGBM,8,66db6625b564da4549986df74e6db441a323c089,low,high,supports_prediction,4,13384,text__char__los,[char] los,text,0.024666786193847656,0.04879729077219963,0.04879729077219963
case_06,critical_low_to_high,FS5,lightgbm,LightGBM,8,66db6625b564da4549986df74e6db441a323c089,low,high,supports_prediction,5,14277,text__char__ruk,[char] ruk,text,0.05036754161119461,0.048098254948854446,0.048098254948854446
case_06,critical_low_to_high,FS5,lightgbm,LightGBM,8,66db6625b564da4549986df74e6db441a323c089,low,high,supports_prediction,6,4689,text__word__informationen,informationen,text,0.10637269169092178,0.04599132016301155,0.04599132016301155
case_06,critical_low_to_high,FS5,lightgbm,LightGBM,8,66db6625b564da4549986df74e6db441a323c089,low,high,supports_prediction,7,14467,text__char__stru,[char] stru,text,0.0363125242292881,0.03206236660480499,0.03206236660480499
case_06,critical_low_to_high,FS5,lightgbm,LightGBM,8,66db6625b564da4549986df74e6db441a323c089,low,high,supports_prediction,8,14655,text__char__tru,[char] tru,text,0.03561234474182129,0.027857352048158646,0.027857352048158646
case_06,critical_low_to_high,FS5,lightgbm,LightGBM,8,66db6625b564da4549986df74e6db441a323c089,low,high,supports_prediction,9,586,text__word__anfrage,anfrage,text,0.0860021561384201,0.02770364284515381,0.02770364284515381
case_06,critical_low_to_high,FS5,lightgbm,LightGBM,8,66db6625b564da4549986df74e6db441a323c089,low,high,supports_prediction,10,14448,text__char__ste,[char] ste,text,0.02313232421875,0.01961170695722103,0.01961170695722103
case_06,critical_low_to_high,FS5,lightgbm,LightGBM,8,66db6625b564da4549986df74e6db441a323c089,low,high,opposes_prediction,1,1178,text__word__besonders,besonders,text,0.10051917284727097,-0.19697324931621552,0.19697324931621552
case_06,critical_low_to_high,FS5,lightgbm,LightGBM,8,66db6625b564da4549986df74e6db441a323c089,low,high,opposes_prediction,2,12581,text__char__em ,[char] em ,text,0.017773982137441635,-0.0404222272336483,0.0404222272336483
case_06,critical_low_to_high,FS5,lightgbm,LightGBM,8,66db6625b564da4549986df74e6db441a323c089,low,high,opposes_prediction,3,15017,sentiment__sentiment_neutral,sentiment_neutral,sentiment,0.7358295321464539,-0.027735697105526924,0.027735697105526924
case_06,critical_low_to_high,FS5,lightgbm,LightGBM,8,66db6625b564da4549986df74e6db441a323c089,low,high,opposes_prediction,4,11513,text__char__ info,[char]  info,text,0.019756095483899117,-0.02651998959481716,0.02651998959481716
case_06,critical_low_to_high,FS5,lightgbm,LightGBM,8,66db6625b564da4549986df74e6db441a323c089,low,high,opposes_prediction,5,15018,sentiment__sentiment_positive,sentiment_positive,sentiment,0.147565558552742,-0.01890997588634491,0.01890997588634491
case_06,critical_low_to_high,FS5,lightgbm,LightGBM,8,66db6625b564da4549986df74e6db441a323c089,low,high,opposes_prediction,6,13299,text__char__lan,[char] lan,text,0.021423952654004097,-0.01368112675845623,0.01368112675845623
case_06,critical_low_to_high,FS5,lightgbm,LightGBM,8,66db6625b564da4549986df74e6db441a323c089,low,high,opposes_prediction,7,15016,sentiment__sentiment_negative,sentiment_negative,sentiment,0.11660491675138474,-0.011940919794142246,0.011940919794142246
case_06,critical_low_to_high,FS5,lightgbm,LightGBM,8,66db6625b564da4549986df74e6db441a323c089,low,high,opposes_prediction,8,14950,text__char__yst,[char] yst,text,0.011711294762790203,-0.010596714913845062,0.010596714913845062
case_06,critical_low_to_high,FS5,lightgbm,LightGBM,8,66db6625b564da4549986df74e6db441a323c089,low,high,opposes_prediction,9,11701,text__char__ str,[char]  str,text,0.014835997484624386,-0.008911853656172752,0.008911853656172752
case_06,critical_low_to_high,FS5,lightgbm,LightGBM,8,66db6625b564da4549986df74e6db441a323c089,low,high,opposes_prediction,10,4895,text__word__integration,integration,text,0.050489164888858795,-0.006538575980812311,0.006538575980812311
case_07,critical_high_to_low,FS5,lightgbm,LightGBM,3081,4b2afb7f05c9cd9fd85790fdd2db112b4abbc318,high,low,supports_prediction,1,12782,text__char__fee,[char] fee,text,0.06556061655282974,0.3485945761203766,0.3485945761203766
case_07,critical_high_to_low,FS5,lightgbm,LightGBM,3081,4b2afb7f05c9cd9fd85790fdd2db112b4abbc318,high,low,supports_prediction,2,5514,text__word__könnten bitte,könnten bitte,text,0.19065983593463898,0.3104752004146576,0.3104752004146576
case_07,critical_high_to_low,FS5,lightgbm,LightGBM,3081,4b2afb7f05c9cd9fd85790fdd2db112b4abbc318,high,low,supports_prediction,3,15007,categorical__queue_Customer Service,Customer Service,queue,1.0,0.24908967316150665,0.24908967316150665
case_07,critical_high_to_low,FS5,lightgbm,LightGBM,3081,4b2afb7f05c9cd9fd85790fdd2db112b4abbc318,high,low,supports_prediction,4,1158,text__word__bereitstellen,bereitstellen,text,0.18857869505882263,0.13049747049808502,0.13049747049808502
case_07,critical_high_to_low,FS5,lightgbm,LightGBM,3081,4b2afb7f05c9cd9fd85790fdd2db112b4abbc318,high,low,supports_prediction,5,1301,text__word__bitte zusätzliche,bitte zusätzliche,text,0.35136088728904724,0.09594141691923141,0.09594141691923141
case_07,critical_high_to_low,FS5,lightgbm,LightGBM,3081,4b2afb7f05c9cd9fd85790fdd2db112b4abbc318,high,low,supports_prediction,6,12526,text__char__ee ,[char] ee ,text,0.06681184470653534,0.06911393254995346,0.06911393254995346
case_07,critical_high_to_low,FS5,lightgbm,LightGBM,3081,4b2afb7f05c9cd9fd85790fdd2db112b4abbc318,high,low,supports_prediction,7,12783,text__char__fee ,[char] fee ,text,0.09051930159330368,0.06520485877990723,0.06520485877990723
case_07,critical_high_to_low,FS5,lightgbm,LightGBM,3081,4b2afb7f05c9cd9fd85790fdd2db112b4abbc318,high,low,supports_prediction,8,11904,text__char__afee ,[char] afee ,text,0.09411002695560455,0.054920073598623276,0.054920073598623276
case_07,critical_high_to_low,FS5,lightgbm,LightGBM,3081,4b2afb7f05c9cd9fd85790fdd2db112b4abbc318,high,low,supports_prediction,9,12605,text__char__en?,[char] en?,text,0.04494582116603851,0.044207364320755005,0.044207364320755005
case_07,critical_high_to_low,FS5,lightgbm,LightGBM,3081,4b2afb7f05c9cd9fd85790fdd2db112b4abbc318,high,low,supports_prediction,10,11564,text__char__ mca,[char]  mca,text,0.09268201142549515,0.042700909078121185,0.042700909078121185
case_07,critical_high_to_low,FS5,lightgbm,LightGBM,3081,4b2afb7f05c9cd9fd85790fdd2db112b4abbc318,high,low,opposes_prediction,1,15016,sentiment__sentiment_negative,sentiment_negative,sentiment,0.03421938046813011,-0.041209980845451355,0.041209980845451355
case_07,critical_high_to_low,FS5,lightgbm,LightGBM,3081,4b2afb7f05c9cd9fd85790fdd2db112b4abbc318,high,low,opposes_prediction,2,12624,text__char__ensta,[char] ensta,text,0.09051930159330368,-0.039410755038261414,0.039410755038261414
case_07,critical_high_to_low,FS5,lightgbm,LightGBM,3081,4b2afb7f05c9cd9fd85790fdd2db112b4abbc318,high,low,opposes_prediction,3,14636,text__char__tra,[char] tra,text,0.029526853933930397,-0.02222532220184803,0.02222532220184803
case_07,critical_high_to_low,FS5,lightgbm,LightGBM,3081,4b2afb7f05c9cd9fd85790fdd2db112b4abbc318,high,low,opposes_prediction,4,12858,text__char__ge ,[char] ge ,text,0.03409549966454506,-0.0184729415923357,0.0184729415923357
case_07,critical_high_to_low,FS5,lightgbm,LightGBM,3081,4b2afb7f05c9cd9fd85790fdd2db112b4abbc318,high,low,opposes_prediction,5,9318,text__word__strategien,strategien,text,0.21391677856445312,-0.015524606220424175,0.015524606220424175
case_07,critical_high_to_low,FS5,lightgbm,LightGBM,3081,4b2afb7f05c9cd9fd85790fdd2db112b4abbc318,high,low,opposes_prediction,6,15003,categorical__type_Request,Request,type,1.0,-0.013969876803457737,0.013969876803457737
case_07,critical_high_to_low,FS5,lightgbm,LightGBM,3081,4b2afb7f05c9cd9fd85790fdd2db112b4abbc318,high,low,opposes_prediction,7,12548,text__char__egi,[char] egi,text,0.036049943417310715,-0.013965530321002007,0.013965530321002007
case_07,critical_high_to_low,FS5,lightgbm,LightGBM,3081,4b2afb7f05c9cd9fd85790fdd2db112b4abbc318,high,low,opposes_prediction,8,4689,text__word__informationen,informationen,text,0.15427134931087494,-0.010549541562795639,0.010549541562795639
case_07,critical_high_to_low,FS5,lightgbm,LightGBM,3081,4b2afb7f05c9cd9fd85790fdd2db112b4abbc318,high,low,opposes_prediction,9,14056,text__char__rate,[char] rate,text,0.03098306804895401,-0.0074513861909508705,0.0074513861909508705
case_07,critical_high_to_low,FS5,lightgbm,LightGBM,3081,4b2afb7f05c9cd9fd85790fdd2db112b4abbc318,high,low,opposes_prediction,10,12606,text__char__en? ,[char] en? ,text,0.04495318606495857,-0.004851353820413351,0.004851353820413351
case_08,model_disagreement_1,FS5,lightgbm,LightGBM,13,de1f211d7fb1dd53f830f716d9499d66d3b65ee1,high,medium,supports_prediction,1,15011,categorical__queue_Product Support,Product Support,queue,1.0,0.06245208531618118,0.06245208531618118
case_08,model_disagreement_1,FS5,lightgbm,LightGBM,13,de1f211d7fb1dd53f830f716d9499d66d3b65ee1,high,medium,supports_prediction,2,4630,text__word__information,information,text,0.10902196913957596,0.06153397634625435,0.06153397634625435
case_08,model_disagreement_1,FS5,lightgbm,LightGBM,13,de1f211d7fb1dd53f830f716d9499d66d3b65ee1,high,medium,supports_prediction,3,12611,text__char__end ,[char] end ,text,0.03306816145777702,0.024377206340432167,0.024377206340432167
case_08,model_disagreement_1,FS5,lightgbm,LightGBM,13,de1f211d7fb1dd53f830f716d9499d66d3b65ee1,high,medium,supports_prediction,4,8746,text__word__services provided,services provided,text,0.14258421957492828,0.02304754965007305,0.02304754965007305
case_08,model_disagreement_1,FS5,lightgbm,LightGBM,13,de1f211d7fb1dd53f830f716d9499d66d3b65ee1,high,medium,supports_prediction,5,11333,text__char__ age,[char]  age,text,0.053313083946704865,0.018123548477888107,0.018123548477888107
case_08,model_disagreement_1,FS5,lightgbm,LightGBM,13,de1f211d7fb1dd53f830f716d9499d66d3b65ee1,high,medium,supports_prediction,6,13072,text__char__ies ,[char] ies ,text,0.020927758887410164,0.01455689873546362,0.01455689873546362
case_08,model_disagreement_1,FS5,lightgbm,LightGBM,13,de1f211d7fb1dd53f830f716d9499d66d3b65ee1,high,medium,supports_prediction,7,11332,text__char__ ag,[char]  ag,text,0.05178693309426308,0.014377844519913197,0.014377844519913197
case_08,model_disagreement_1,FS5,lightgbm,LightGBM,13,de1f211d7fb1dd53f830f716d9499d66d3b65ee1,high,medium,supports_prediction,8,8688,text__word__service,service,text,0.07734568417072296,0.014265426434576511,0.014265426434576511
case_08,model_disagreement_1,FS5,lightgbm,LightGBM,13,de1f211d7fb1dd53f830f716d9499d66d3b65ee1,high,medium,supports_prediction,9,11769,text__char__ you ,[char]  you ,text,0.03131762146949768,0.012921974994242191,0.012921974994242191
case_08,model_disagreement_1,FS5,lightgbm,LightGBM,13,de1f211d7fb1dd53f830f716d9499d66d3b65ee1,high,medium,supports_prediction,10,11334,text__char__ agen,[char]  agen,text,0.053324226289987564,0.010821864940226078,0.010821864940226078
case_08,model_disagreement_1,FS5,lightgbm,LightGBM,13,de1f211d7fb1dd53f830f716d9499d66d3b65ee1,high,medium,opposes_prediction,1,12789,text__char__fer,[char] fer,text,0.04630296304821968,-0.07847825437784195,0.07847825437784195
case_08,model_disagreement_1,FS5,lightgbm,LightGBM,13,de1f211d7fb1dd53f830f716d9499d66d3b65ee1,high,medium,opposes_prediction,2,9488,text__word__success,success,text,0.10110533982515335,-0.06022842600941658,0.06022842600941658
case_08,model_disagreement_1,FS5,lightgbm,LightGBM,13,de1f211d7fb1dd53f830f716d9499d66d3b65ee1,high,medium,opposes_prediction,3,243,text__word__additionally,additionally,text,0.07470165938138962,-0.05876002088189125,0.05876002088189125
case_08,model_disagreement_1,FS5,lightgbm,LightGBM,13,de1f211d7fb1dd53f830f716d9499d66d3b65ee1,high,medium,opposes_prediction,4,11917,text__char__agen,[char] agen,text,0.0441344678401947,-0.05655377358198166,0.05655377358198166
case_08,model_disagreement_1,FS5,lightgbm,LightGBM,13,de1f211d7fb1dd53f830f716d9499d66d3b65ee1,high,medium,opposes_prediction,5,726,text__word__appreciate could,appreciate could,text,0.0774490162730217,-0.05210021510720253,0.05210021510720253
case_08,model_disagreement_1,FS5,lightgbm,LightGBM,13,de1f211d7fb1dd53f830f716d9499d66d3b65ee1,high,medium,opposes_prediction,6,14442,text__char__stand,[char] stand,text,0.030297504737973213,-0.04958045482635498,0.04958045482635498
case_08,model_disagreement_1,FS5,lightgbm,LightGBM,13,de1f211d7fb1dd53f830f716d9499d66d3b65ee1,high,medium,opposes_prediction,7,13802,text__char__ontra,[char] ontra,text,0.06326655298471451,-0.04844312369823456,0.04844312369823456
case_08,model_disagreement_1,FS5,lightgbm,LightGBM,13,de1f211d7fb1dd53f830f716d9499d66d3b65ee1,high,medium,opposes_prediction,8,14729,text__char__udie,[char] udie,text,0.033797767013311386,-0.03188715875148773,0.03188715875148773
case_08,model_disagreement_1,FS5,lightgbm,LightGBM,13,de1f211d7fb1dd53f830f716d9499d66d3b65ee1,high,medium,opposes_prediction,9,13529,text__char__nall,[char] nall,text,0.03066299669444561,-0.02531973086297512,0.02531973086297512
case_08,model_disagreement_1,FS5,lightgbm,LightGBM,13,de1f211d7fb1dd53f830f716d9499d66d3b65ee1,high,medium,opposes_prediction,10,11318,text__char__ ab,[char]  ab,text,0.020952435210347176,-0.024907315149903297,0.024907315149903297
case_09,model_disagreement_2,FS5,lightgbm,LightGBM,59,c655267a95bf20edad8c0f0eac49d2c7984240c5,low,low,supports_prediction,1,13277,text__char__klar,[char] klar,text,0.04247821867465973,0.8309788107872009,0.8309788107872009
case_09,model_disagreement_2,FS5,lightgbm,LightGBM,59,c655267a95bf20edad8c0f0eac49d2c7984240c5,low,low,supports_prediction,2,15007,categorical__queue_Customer Service,Customer Service,queue,1.0,0.4813246726989746,0.4813246726989746
case_09,model_disagreement_2,FS5,lightgbm,LightGBM,59,c655267a95bf20edad8c0f0eac49d2c7984240c5,low,low,supports_prediction,3,13957,text__char__pone,[char] pone,text,0.03480938449501991,0.2352299839258194,0.2352299839258194
case_09,model_disagreement_2,FS5,lightgbm,LightGBM,59,c655267a95bf20edad8c0f0eac49d2c7984240c5,low,low,supports_prediction,4,14628,text__char__ton,[char] ton,text,0.036681804805994034,0.11054433882236481,0.11054433882236481
case_09,model_disagreement_2,FS5,lightgbm,LightGBM,59,c655267a95bf20edad8c0f0eac49d2c7984240c5,low,low,supports_prediction,5,8382,text__word__saas,saas,text,0.10663960874080658,0.06121748685836792,0.06121748685836792
case_09,model_disagreement_2,FS5,lightgbm,LightGBM,59,c655267a95bf20edad8c0f0eac49d2c7984240c5,low,low,supports_prediction,6,13785,text__char__one,[char] one,text,0.03614012897014618,0.0495062954723835,0.0495062954723835
case_09,model_disagreement_2,FS5,lightgbm,LightGBM,59,c655267a95bf20edad8c0f0eac49d2c7984240c5,low,low,supports_prediction,7,14277,text__char__ruk,[char] ruk,text,0.03236198052763939,0.04231264814734459,0.04231264814734459
case_09,model_disagreement_2,FS5,lightgbm,LightGBM,59,c655267a95bf20edad8c0f0eac49d2c7984240c5,low,low,supports_prediction,8,4160,text__word__helfen,helfen,text,0.09361995756626129,0.0386856310069561,0.0386856310069561
case_09,model_disagreement_2,FS5,lightgbm,LightGBM,59,c655267a95bf20edad8c0f0eac49d2c7984240c5,low,low,supports_prediction,9,12495,text__char__echni,[char] echni,text,0.03996889665722847,0.03141713887453079,0.03141713887453079
case_09,model_disagreement_2,FS5,lightgbm,LightGBM,59,c655267a95bf20edad8c0f0eac49d2c7984240c5,low,low,supports_prediction,10,12385,text__char__ders ,[char] ders ,text,0.030637849122285843,0.03061252273619175,0.03061252273619175
case_09,model_disagreement_2,FS5,lightgbm,LightGBM,59,c655267a95bf20edad8c0f0eac49d2c7984240c5,low,low,opposes_prediction,1,14349,text__char__sere,[char] sere,text,0.0353320874273777,-0.27097582817077637,0.27097582817077637
case_09,model_disagreement_2,FS5,lightgbm,LightGBM,59,c655267a95bf20edad8c0f0eac49d2c7984240c5,low,low,opposes_prediction,2,14587,text__char__tform,[char] tform,text,0.03490159288048744,-0.09450492262840271,0.09450492262840271
case_09,model_disagreement_2,FS5,lightgbm,LightGBM,59,c655267a95bf20edad8c0f0eac49d2c7984240c5,low,low,opposes_prediction,3,13946,text__char__plat,[char] plat,text,0.034781645983457565,-0.0824190154671669,0.0824190154671669
case_09,model_disagreement_2,FS5,lightgbm,LightGBM,59,c655267a95bf20edad8c0f0eac49d2c7984240c5,low,low,opposes_prediction,4,12690,text__char__err,[char] err,text,0.01961582526564598,-0.05203960835933685,0.05203960835933685
case_09,model_disagreement_2,FS5,lightgbm,LightGBM,59,c655267a95bf20edad8c0f0eac49d2c7984240c5,low,low,opposes_prediction,5,1178,text__word__besonders,besonders,text,0.11238773167133331,-0.03721236810088158,0.03721236810088158
case_09,model_disagreement_2,FS5,lightgbm,LightGBM,59,c655267a95bf20edad8c0f0eac49d2c7984240c5,low,low,opposes_prediction,6,11741,text__char__ unse,[char]  unse,text,0.03518352285027504,-0.034081149846315384,0.034081149846315384
case_09,model_disagreement_2,FS5,lightgbm,LightGBM,59,c655267a95bf20edad8c0f0eac49d2c7984240c5,low,low,opposes_prediction,7,14585,text__char__tfo,[char] tfo,text,0.034274905920028687,-0.03058633953332901,0.03058633953332901
case_09,model_disagreement_2,FS5,lightgbm,LightGBM,59,c655267a95bf20edad8c0f0eac49d2c7984240c5,low,low,opposes_prediction,8,13836,text__char__orm ,[char] orm ,text,0.039814673364162445,-0.03011796995997429,0.03011796995997429
case_09,model_disagreement_2,FS5,lightgbm,LightGBM,59,c655267a95bf20edad8c0f0eac49d2c7984240c5,low,low,opposes_prediction,9,7065,text__word__plattform,plattform,text,0.1991918981075287,-0.02612794004380703,0.02612794004380703
case_09,model_disagreement_2,FS5,lightgbm,LightGBM,59,c655267a95bf20edad8c0f0eac49d2c7984240c5,low,low,opposes_prediction,10,13237,text__char__itä,[char] itä,text,0.02193434163928032,-0.023523960262537003,0.023523960262537003
case_10,model_disagreement_3,FS5,lightgbm,LightGBM,85,818ee361847e8677f2017325b145c997fb136ec4,low,medium,supports_prediction,1,12763,text__char__ewa,[char] ewa,text,0.02070031501352787,0.10114984959363937,0.10114984959363937
case_10,model_disagreement_3,FS5,lightgbm,LightGBM,85,818ee361847e8677f2017325b145c997fb136ec4,low,medium,supports_prediction,2,1178,text__word__besonders,besonders,text,0.1119694709777832,0.04274309054017067,0.04274309054017067
case_10,model_disagreement_3,FS5,lightgbm,LightGBM,85,818ee361847e8677f2017325b145c997fb136ec4,low,medium,supports_prediction,3,15017,sentiment__sentiment_neutral,sentiment_neutral,sentiment,0.7768786549568176,0.021204087883234024,0.021204087883234024
case_10,model_disagreement_3,FS5,lightgbm,LightGBM,85,818ee361847e8677f2017325b145c997fb136ec4,low,medium,supports_prediction,4,12967,text__char__higk,[char] higk,text,0.027484698221087456,0.01910613663494587,0.01910613663494587
case_10,model_disagreement_3,FS5,lightgbm,LightGBM,85,818ee361847e8677f2017325b145c997fb136ec4,low,medium,supports_prediction,5,13071,text__char__ies,[char] ies,text,0.018630772829055786,0.014559578150510788,0.014559578150510788
case_10,model_disagreement_3,FS5,lightgbm,LightGBM,85,818ee361847e8677f2017325b145c997fb136ec4,low,medium,supports_prediction,6,14434,text__char__ssie,[char] ssie,text,0.03786403313279152,0.012278138659894466,0.012278138659894466
case_10,model_disagreement_3,FS5,lightgbm,LightGBM,85,818ee361847e8677f2017325b145c997fb136ec4,low,medium,supports_prediction,7,3768,text__word__firewalls,firewalls,text,0.11135546118021011,0.01134718768298626,0.01134718768298626
case_10,model_disagreement_3,FS5,lightgbm,LightGBM,85,818ee361847e8677f2017325b145c997fb136ec4,low,medium,supports_prediction,8,14435,text__char__ssier,[char] ssier,text,0.03786403313279152,0.009608822874724865,0.009608822874724865
case_10,model_disagreement_3,FS5,lightgbm,LightGBM,85,818ee361847e8677f2017325b145c997fb136ec4,low,medium,supports_prediction,9,12001,text__char__ard,[char] ard,text,0.022452767938375473,0.008827253244817257,0.008827253244817257
case_10,model_disagreement_3,FS5,lightgbm,LightGBM,85,818ee361847e8677f2017325b145c997fb136ec4,low,medium,supports_prediction,10,14580,text__char__tes,[char] tes,text,0.013443352654576302,0.007930118590593338,0.007930118590593338
case_10,model_disagreement_3,FS5,lightgbm,LightGBM,85,818ee361847e8677f2017325b145c997fb136ec4,low,medium,opposes_prediction,1,14540,text__char__techn,[char] techn,text,0.04188200458884239,-0.2448730319738388,0.2448730319738388
case_10,model_disagreement_3,FS5,lightgbm,LightGBM,85,818ee361847e8677f2017325b145c997fb136ec4,low,medium,opposes_prediction,2,11446,text__char__ emp,[char]  emp,text,0.03891908377408981,-0.15172889828681946,0.15172889828681946
case_10,model_disagreement_3,FS5,lightgbm,LightGBM,85,818ee361847e8677f2017325b145c997fb136ec4,low,medium,opposes_prediction,3,14539,text__char__tech,[char] tech,text,0.04136372730135918,-0.045966316014528275,0.045966316014528275
case_10,model_disagreement_3,FS5,lightgbm,LightGBM,85,818ee361847e8677f2017325b145c997fb136ec4,low,medium,opposes_prediction,4,12082,text__char__aus,[char] aus,text,0.021852290257811546,-0.028210097923874855,0.028210097923874855
case_10,model_disagreement_3,FS5,lightgbm,LightGBM,85,818ee361847e8677f2017325b145c997fb136ec4,low,medium,opposes_prediction,5,12250,text__char__chni,[char] chni,text,0.03463299944996834,-0.014911738224327564,0.014911738224327564
case_10,model_disagreement_3,FS5,lightgbm,LightGBM,85,818ee361847e8677f2017325b145c997fb136ec4,low,medium,opposes_prediction,6,13148,text__char__inter,[char] inter,text,0.015056917443871498,-0.012412087991833687,0.012412087991833687
case_10,model_disagreement_3,FS5,lightgbm,LightGBM,85,818ee361847e8677f2017325b145c997fb136ec4,low,medium,opposes_prediction,7,5058,text__word__interessiert,interessiert,text,0.09517145901918411,-0.011956392787396908,0.011956392787396908
case_10,model_disagreement_3,FS5,lightgbm,LightGBM,85,818ee361847e8677f2017325b145c997fb136ec4,low,medium,opposes_prediction,8,14143,text__char__ric,[char] ric,text,0.03883779048919678,-0.010446256957948208,0.010446256957948208
case_10,model_disagreement_3,FS5,lightgbm,LightGBM,85,818ee361847e8677f2017325b145c997fb136ec4,low,medium,opposes_prediction,9,13237,text__char__itä,[char] itä,text,0.019348159432411194,-0.009401937946677208,0.009401937946677208
case_10,model_disagreement_3,FS5,lightgbm,LightGBM,85,818ee361847e8677f2017325b145c997fb136ec4,low,medium,opposes_prediction,10,14055,text__char__rat,[char] rat,text,0.018424568697810173,-0.008559401147067547,0.008559401147067547
case_11,model_disagreement_4,FS5,lightgbm,LightGBM,98,2b8de51a7c4e30bce5c04433674e788ab51bc409,high,medium,supports_prediction,1,5438,text__word__kommunikation,kommunikation,text,0.14875032007694244,0.3227693438529968,0.3227693438529968
case_11,model_disagreement_4,FS5,lightgbm,LightGBM,98,2b8de51a7c4e30bce5c04433674e788ab51bc409,high,medium,supports_prediction,2,2099,text__word__creative,creative,text,0.13050338625907898,0.11028389632701874,0.11028389632701874
case_11,model_disagreement_4,FS5,lightgbm,LightGBM,98,2b8de51a7c4e30bce5c04433674e788ab51bc409,high,medium,supports_prediction,3,15011,categorical__queue_Product Support,Product Support,queue,1.0,0.09774018079042435,0.09774018079042435
case_11,model_disagreement_4,FS5,lightgbm,LightGBM,98,2b8de51a7c4e30bce5c04433674e788ab51bc409,high,medium,supports_prediction,4,1178,text__word__besonders,besonders,text,0.10946202278137207,0.07614462077617645,0.07614462077617645
case_11,model_disagreement_4,FS5,lightgbm,LightGBM,98,2b8de51a7c4e30bce5c04433674e788ab51bc409,high,medium,supports_prediction,5,14771,text__char__undi,[char] undi,text,0.02858711965382099,0.02553544193506241,0.02553544193506241
case_11,model_disagreement_4,FS5,lightgbm,LightGBM,98,2b8de51a7c4e30bce5c04433674e788ab51bc409,high,medium,supports_prediction,6,14580,text__char__tes,[char] tes,text,0.014520966447889805,0.010598349384963512,0.010598349384963512
case_11,model_disagreement_4,FS5,lightgbm,LightGBM,98,2b8de51a7c4e30bce5c04433674e788ab51bc409,high,medium,supports_prediction,7,14641,text__char__trate,[char] trate,text,0.015500975772738457,0.00766251515597105,0.00766251515597105
case_11,model_disagreement_4,FS5,lightgbm,LightGBM,98,2b8de51a7c4e30bce5c04433674e788ab51bc409,high,medium,supports_prediction,8,12858,text__char__ge ,[char] ge ,text,0.015338938683271408,0.006841027177870274,0.006841027177870274
case_11,model_disagreement_4,FS5,lightgbm,LightGBM,98,2b8de51a7c4e30bce5c04433674e788ab51bc409,high,medium,supports_prediction,9,13554,text__char__nders,[char] nders,text,0.022039223462343216,0.004860321991145611,0.004860321991145611
case_11,model_disagreement_4,FS5,lightgbm,LightGBM,98,2b8de51a7c4e30bce5c04433674e788ab51bc409,high,medium,supports_prediction,10,9833,text__word__teams,teams,text,0.11137894541025162,0.003927236422896385,0.003927236422896385
case_11,model_disagreement_4,FS5,lightgbm,LightGBM,98,2b8de51a7c4e30bce5c04433674e788ab51bc409,high,medium,opposes_prediction,1,12409,text__char__dina,[char] dina,text,0.04200797155499458,-0.1843549907207489,0.1843549907207489
case_11,model_disagreement_4,FS5,lightgbm,LightGBM,98,2b8de51a7c4e30bce5c04433674e788ab51bc409,high,medium,opposes_prediction,2,91,text__word__abteilungen,abteilungen,text,0.17305009067058563,-0.04680304974317551,0.04680304974317551
case_11,model_disagreement_4,FS5,lightgbm,LightGBM,98,2b8de51a7c4e30bce5c04433674e788ab51bc409,high,medium,opposes_prediction,3,13384,text__char__los,[char] los,text,0.025567874312400818,-0.009892048314213753,0.009892048314213753
case_11,model_disagreement_4,FS5,lightgbm,LightGBM,98,2b8de51a7c4e30bce5c04433674e788ab51bc409,high,medium,opposes_prediction,4,13828,text__char__ora,[char] ora,text,0.02041923813521862,-0.0056534865871071815,0.0056534865871071815
case_11,model_disagreement_4,FS5,lightgbm,LightGBM,98,2b8de51a7c4e30bce5c04433674e788ab51bc409,high,medium,opposes_prediction,5,15017,sentiment__sentiment_neutral,sentiment_neutral,sentiment,0.6690730452537537,-0.003311846172437072,0.003311846172437072
case_11,model_disagreement_4,FS5,lightgbm,LightGBM,98,2b8de51a7c4e30bce5c04433674e788ab51bc409,high,medium,opposes_prediction,6,12469,text__char__eat,[char] eat,text,0.02578248642385006,-0.0023902396205812693,0.0023902396205812693
case_11,model_disagreement_4,FS5,lightgbm,LightGBM,98,2b8de51a7c4e30bce5c04433674e788ab51bc409,high,medium,opposes_prediction,7,14581,text__char__tes ,[char] tes ,text,0.017033135518431664,-0.002216597553342581,0.002216597553342581
case_11,model_disagreement_4,FS5,lightgbm,LightGBM,98,2b8de51a7c4e30bce5c04433674e788ab51bc409,high,medium,opposes_prediction,8,12877,text__char__gie,[char] gie,text,0.016124779358506203,-0.002107238629832864,0.002107238629832864
case_11,model_disagreement_4,FS5,lightgbm,LightGBM,98,2b8de51a7c4e30bce5c04433674e788ab51bc409,high,medium,opposes_prediction,9,6626,text__word__optimierung,optimierung,text,0.08990909904241562,-0.001065958640538156,0.001065958640538156
case_11,model_disagreement_4,FS5,lightgbm,LightGBM,98,2b8de51a7c4e30bce5c04433674e788ab51bc409,high,medium,opposes_prediction,10,14448,text__char__ste,[char] ste,text,0.020494971424341202,-0.0009538020822219551,0.0009538020822219551
case_12,model_disagreement_5,FS5,lightgbm,LightGBM,128,1a253cac8e537423675594be7ce6e3473a15a28f,low,low,supports_prediction,1,4019,text__word__given,given,text,0.13772600889205933,0.3673971891403198,0.3673971891403198
case_12,model_disagreement_5,FS5,lightgbm,LightGBM,128,1a253cac8e537423675594be7ce6e3473a15a28f,low,low,supports_prediction,2,3031,text__word__effective marketing,effective marketing,text,0.1588430106639862,0.3417028784751892,0.3417028784751892
case_12,model_disagreement_5,FS5,lightgbm,LightGBM,128,1a253cac8e537423675594be7ce6e3473a15a28f,low,low,supports_prediction,3,15013,categorical__queue_Sales and Pre-Sales,Sales and Pre-Sales,queue,1.0,0.1853187531232834,0.1853187531232834
case_12,model_disagreement_5,FS5,lightgbm,LightGBM,128,1a253cac8e537423675594be7ce6e3473a15a28f,low,low,supports_prediction,4,12790,text__char__fer?,[char] fer?,text,0.0625496357679367,0.10777860134840012,0.10777860134840012
case_12,model_disagreement_5,FS5,lightgbm,LightGBM,128,1a253cac8e537423675594be7ce6e3473a15a28f,low,low,supports_prediction,5,11769,text__char__ you ,[char]  you ,text,0.0385853610932827,0.08250778168439865,0.08250778168439865
case_12,model_disagreement_5,FS5,lightgbm,LightGBM,128,1a253cac8e537423675594be7ce6e3473a15a28f,low,low,supports_prediction,6,11966,text__char__ands,[char] ands,text,0.08388280868530273,0.0793515220284462,0.0793515220284462
case_12,model_disagreement_5,FS5,lightgbm,LightGBM,128,1a253cac8e537423675594be7ce6e3473a15a28f,low,low,supports_prediction,7,12345,text__char__cy ,[char] cy ,text,0.05168680101633072,0.06931699067354202,0.06931699067354202
case_12,model_disagreement_5,FS5,lightgbm,LightGBM,128,1a253cac8e537423675594be7ce6e3473a15a28f,low,low,supports_prediction,8,12799,text__char__ffere,[char] ffere,text,0.037767164409160614,0.050026681274175644,0.050026681274175644
case_12,model_disagreement_5,FS5,lightgbm,LightGBM,128,1a253cac8e537423675594be7ce6e3473a15a28f,low,low,supports_prediction,9,12610,text__char__ency ,[char] ency ,text,0.05461641401052475,0.03525029122829437,0.03525029122829437
case_12,model_disagreement_5,FS5,lightgbm,LightGBM,128,1a253cac8e537423675594be7ce6e3473a15a28f,low,low,supports_prediction,10,2176,text__word__currently,currently,text,0.08535545319318771,0.03126462921500206,0.03126462921500206
case_12,model_disagreement_5,FS5,lightgbm,LightGBM,128,1a253cac8e537423675594be7ce6e3473a15a28f,low,low,opposes_prediction,1,11112,text__word__work,work,text,0.11376075446605682,-0.4404464066028595,0.4404464066028595
case_12,model_disagreement_5,FS5,lightgbm,LightGBM,128,1a253cac8e537423675594be7ce6e3473a15a28f,low,low,opposes_prediction,2,7632,text__word__provide detailed,provide detailed,text,0.08538173139095306,-0.058607928454875946,0.058607928454875946
case_12,model_disagreement_5,FS5,lightgbm,LightGBM,128,1a253cac8e537423675594be7ce6e3473a15a28f,low,low,opposes_prediction,3,11333,text__char__ age,[char]  age,text,0.0656852126121521,-0.05189983546733856,0.05189983546733856
case_12,model_disagreement_5,FS5,lightgbm,LightGBM,128,1a253cac8e537423675594be7ce6e3473a15a28f,low,low,opposes_prediction,4,11601,text__char__ our,[char]  our,text,0.051730845123529434,-0.051260773092508316,0.051260773092508316
case_12,model_disagreement_5,FS5,lightgbm,LightGBM,128,1a253cac8e537423675594be7ce6e3473a15a28f,low,low,opposes_prediction,5,14564,text__char__tent,[char] tent,text,0.022337591275572777,-0.023585611954331398,0.023585611954331398
case_12,model_disagreement_5,FS5,lightgbm,LightGBM,128,1a253cac8e537423675594be7ce6e3473a15a28f,low,low,opposes_prediction,6,12866,text__char__genc,[char] genc,text,0.06630033254623413,-0.023252960294485092,0.023252960294485092
case_12,model_disagreement_5,FS5,lightgbm,LightGBM,128,1a253cac8e537423675594be7ce6e3473a15a28f,low,low,opposes_prediction,7,14636,text__char__tra,[char] tra,text,0.03188120573759079,-0.018229812383651733,0.018229812383651733
case_12,model_disagreement_5,FS5,lightgbm,LightGBM,128,1a253cac8e537423675594be7ce6e3473a15a28f,low,low,opposes_prediction,8,5944,text__word__marketing,marketing,text,0.12395783513784409,-0.018224090337753296,0.018224090337753296
case_12,model_disagreement_5,FS5,lightgbm,LightGBM,128,1a253cac8e537423675594be7ce6e3473a15a28f,low,low,opposes_prediction,9,11670,text__char__ ser,[char]  ser,text,0.0446007214486599,-0.01746988482773304,0.01746988482773304
case_12,model_disagreement_5,FS5,lightgbm,LightGBM,128,1a253cac8e537423675594be7ce6e3473a15a28f,low,low,opposes_prediction,10,13126,text__char__info,[char] info,text,0.016948701813817024,-0.0167253315448761,0.0167253315448761
