case_id,case_type,modeling_row_id,semantic_group_id,priority,type,language,queue,text,model,model_label,model_family,predicted_class,correct,top_10_share,k_80,normalized_entropy,top_supporting_features,top_opposing_features,text_relation,urgency_plausibility,impact_plausibility,context_relevance,contradictory_signals,overall_rating,brief_rationale,evaluator_role
case_01,unanimous_correct_low,753,15f7e749ff1aa7e7800283d66efd3a71acbcd8d0,low,Request,en,Customer Service,"System Compatibility Inquiry Dear Support Team, I hope this message finds you well. I am reaching out to request comprehensive details about the compatibility of a specific product with various devices and operating systems currently in use. This information is essential to confirm that the product will operate properly within the existing environment. Could you please share the technical specifications, supported platforms, and any limitations we should be aware of? Additionally, I would appreciate guidance on recommended configurations or updates needed for optimal compatibility. Your prompt response would be greatly appreciated.",logistic_regression,Logistic Regression,linear_baseline,low,True,0.225405650782443,648,0.661845291917959,environment could | information essential | Customer Service | optimal | hope message,system compatibility | Request | technical specifications | additionally would | currently,,,,,,,,author
case_01,unanimous_correct_low,753,15f7e749ff1aa7e7800283d66efd3a71acbcd8d0,low,Request,en,Customer Service,"System Compatibility Inquiry Dear Support Team, I hope this message finds you well. I am reaching out to request comprehensive details about the compatibility of a specific product with various devices and operating systems currently in use. This information is essential to confirm that the product will operate properly within the existing environment. Could you please share the technical specifications, supported platforms, and any limitations we should be aware of? Additionally, I would appreciate guidance on recommended configurations or updates needed for optimal compatibility. Your prompt response would be greatly appreciated.",linear_svm,Linear SVM,linear,low,True,0.23244608665228783,648,0.6612262665049942,environment could | optimal | information essential | Customer Service | currently use,Request | system compatibility | technical specifications | additionally would | currently,,,,,,,,author
case_01,unanimous_correct_low,753,15f7e749ff1aa7e7800283d66efd3a71acbcd8d0,low,Request,en,Customer Service,"System Compatibility Inquiry Dear Support Team, I hope this message finds you well. I am reaching out to request comprehensive details about the compatibility of a specific product with various devices and operating systems currently in use. This information is essential to confirm that the product will operate properly within the existing environment. Could you please share the technical specifications, supported platforms, and any limitations we should be aware of? Additionally, I would appreciate guidance on recommended configurations or updates needed for optimal compatibility. Your prompt response would be greatly appreciated.",complement_naive_bayes,Complement Naive Bayes,naive_bayes,low,True,0.16168403458061006,1049,0.7035758938510921,Customer Service | Request | information essential | currently use | aware additionally,,,,,,,,,author
case_01,unanimous_correct_low,753,15f7e749ff1aa7e7800283d66efd3a71acbcd8d0,low,Request,en,Customer Service,"System Compatibility Inquiry Dear Support Team, I hope this message finds you well. I am reaching out to request comprehensive details about the compatibility of a specific product with various devices and operating systems currently in use. This information is essential to confirm that the product will operate properly within the existing environment. Could you please share the technical specifications, supported platforms, and any limitations we should be aware of? Additionally, I would appreciate guidance on recommended configurations or updates needed for optimal compatibility. Your prompt response would be greatly appreciated.",knn_cosine,kNN (cosine),instance_based,low,True,0.34964301073741494,82,0.4847245582236953,Customer Service | information essential | en | [char] ical  | environment could,use | information | [char] oul | [char] uld | could,,,,,,,,author
case_01,unanimous_correct_low,753,15f7e749ff1aa7e7800283d66efd3a71acbcd8d0,low,Request,en,Customer Service,"System Compatibility Inquiry Dear Support Team, I hope this message finds you well. I am reaching out to request comprehensive details about the compatibility of a specific product with various devices and operating systems currently in use. This information is essential to confirm that the product will operate properly within the existing environment. Could you please share the technical specifications, supported platforms, and any limitations we should be aware of? Additionally, I would appreciate guidance on recommended configurations or updates needed for optimal compatibility. Your prompt response would be greatly appreciated.",random_forest,Random Forest,bagging_ensemble,low,True,0.14619766515370608,414,0.6572614527038588,Customer Service | [char] ils | [char] ntl | [char] hare  | [char] deta,[char] erl | [char] yste | [char] yst | [char] chi | [char] latf,,,,,,,,author
case_01,unanimous_correct_low,753,15f7e749ff1aa7e7800283d66efd3a71acbcd8d0,low,Request,en,Customer Service,"System Compatibility Inquiry Dear Support Team, I hope this message finds you well. I am reaching out to request comprehensive details about the compatibility of a specific product with various devices and operating systems currently in use. This information is essential to confirm that the product will operate properly within the existing environment. Could you please share the technical specifications, supported platforms, and any limitations we should be aware of? Additionally, I would appreciate guidance on recommended configurations or updates needed for optimal compatibility. Your prompt response would be greatly appreciated.",xgboost,XGBoost,gradient_boosting,low,True,0.3424600286626575,92,0.5127398573171502,Customer Service | [char] chni | share | [char] hare | [char]  on ,[char] tfo | [char]  plat | [char] atf | [char] mme | [char]  cou,,,,,,,,author
case_01,unanimous_correct_low,753,15f7e749ff1aa7e7800283d66efd3a71acbcd8d0,low,Request,en,Customer Service,"System Compatibility Inquiry Dear Support Team, I hope this message finds you well. I am reaching out to request comprehensive details about the compatibility of a specific product with various devices and operating systems currently in use. This information is essential to confirm that the product will operate properly within the existing environment. Could you please share the technical specifications, supported platforms, and any limitations we should be aware of? Additionally, I would appreciate guidance on recommended configurations or updates needed for optimal compatibility. Your prompt response would be greatly appreciated.",lightgbm,LightGBM,gradient_boosting,low,True,0.30957511106466,335,0.5974692000707559,Customer Service | optimal | [char]  sh | [char] hare | [char] mes,[char] tform | [char]  sys | [char] tfo | [char] plat | [char] per,,,,,,,,author
case_02,unanimous_correct_medium,22,ee037e0444486ca7203bcbbbf5f4913dbc650aff,medium,Request,en,Billing and Payments,"Query Dear Customer Support Team, I hope this message reaches you well. I am reaching out to request detailed billing details and payment options for a QuickBooks Online subscription. Specifically, I am interested in understanding the available plans, their pricing structures, and any tailored options for institutional clients within the financial services industry. It would be helpful to receive documentation on invoicing procedures, payment timelines, discounts, and any special terms applicable to organizations like ours. Additionally, please",logistic_regression,Logistic Regression,linear_baseline,medium,True,0.2673664426396624,550,0.6409818818172491,industry would | details payment | additionally please | subscription | quickbooks,billing details | special | industry | timelines | interested understanding,,,,,,,,author
case_02,unanimous_correct_medium,22,ee037e0444486ca7203bcbbbf5f4913dbc650aff,medium,Request,en,Billing and Payments,"Query Dear Customer Support Team, I hope this message reaches you well. I am reaching out to request detailed billing details and payment options for a QuickBooks Online subscription. Specifically, I am interested in understanding the available plans, their pricing structures, and any tailored options for institutional clients within the financial services industry. It would be helpful to receive documentation on invoicing procedures, payment timelines, discounts, and any special terms applicable to organizations like ours. Additionally, please",linear_svm,Linear SVM,linear,medium,True,0.2683603398470855,527,0.6384201336670926,industry would | details payment | additionally please | subscription | Billing and Payments,billing details | special | industry | Request | online,,,,,,,,author
case_02,unanimous_correct_medium,22,ee037e0444486ca7203bcbbbf5f4913dbc650aff,medium,Request,en,Billing and Payments,"Query Dear Customer Support Team, I hope this message reaches you well. I am reaching out to request detailed billing details and payment options for a QuickBooks Online subscription. Specifically, I am interested in understanding the available plans, their pricing structures, and any tailored options for institutional clients within the financial services industry. It would be helpful to receive documentation on invoicing procedures, payment timelines, discounts, and any special terms applicable to organizations like ours. Additionally, please",complement_naive_bayes,Complement Naive Bayes,naive_bayes,medium,True,0.1330222776634686,737,0.6895302523100012,Billing and Payments | Request | industry would | details payment | special,[char] ste,,,,,,,,author
case_02,unanimous_correct_medium,22,ee037e0444486ca7203bcbbbf5f4913dbc650aff,medium,Request,en,Billing and Payments,"Query Dear Customer Support Team, I hope this message reaches you well. I am reaching out to request detailed billing details and payment options for a QuickBooks Online subscription. Specifically, I am interested in understanding the available plans, their pricing structures, and any tailored options for institutional clients within the financial services industry. It would be helpful to receive documentation on invoicing procedures, payment timelines, discounts, and any special terms applicable to organizations like ours. Additionally, please",knn_cosine,kNN (cosine),instance_based,medium,True,0.3870870917185918,101,0.4854967801511451,options | quickbooks | interested understanding | plans | industry,Request | Billing and Payments | en | billing | [char]  invo,,,,,,,,author
case_02,unanimous_correct_medium,22,ee037e0444486ca7203bcbbbf5f4913dbc650aff,medium,Request,en,Billing and Payments,"Query Dear Customer Support Team, I hope this message reaches you well. I am reaching out to request detailed billing details and payment options for a QuickBooks Online subscription. Specifically, I am interested in understanding the available plans, their pricing structures, and any tailored options for institutional clients within the financial services industry. It would be helpful to receive documentation on invoicing procedures, payment timelines, discounts, and any special terms applicable to organizations like ours. Additionally, please",random_forest,Random Forest,bagging_ensemble,medium,True,0.10471601692711816,448,0.6796568665948345,[char] icin | [char]  am  | [char] etai | Billing and Payments | [char] struc,[char] tand | [char]  any | [char]  any  | [char]  reac | [char] ails ,,,,,,,,author
case_02,unanimous_correct_medium,22,ee037e0444486ca7203bcbbbf5f4913dbc650aff,medium,Request,en,Billing and Payments,"Query Dear Customer Support Team, I hope this message reaches you well. I am reaching out to request detailed billing details and payment options for a QuickBooks Online subscription. Specifically, I am interested in understanding the available plans, their pricing structures, and any tailored options for institutional clients within the financial services industry. It would be helpful to receive documentation on invoicing procedures, payment timelines, discounts, and any special terms applicable to organizations like ours. Additionally, please",xgboost,XGBoost,gradient_boosting,medium,True,0.29000313518065945,133,0.539752749491333,[char] invo | [char]  thei | [char] thei | [char] mes | [char]  bil,[char]  pay | [char]  str | message reaches | [char] hes  | [char] ayme,,,,,,,,author
case_02,unanimous_correct_medium,22,ee037e0444486ca7203bcbbbf5f4913dbc650aff,medium,Request,en,Billing and Payments,"Query Dear Customer Support Team, I hope this message reaches you well. I am reaching out to request detailed billing details and payment options for a QuickBooks Online subscription. Specifically, I am interested in understanding the available plans, their pricing structures, and any tailored options for institutional clients within the financial services industry. It would be helpful to receive documentation on invoicing procedures, payment timelines, discounts, and any special terms applicable to organizations like ours. Additionally, please",lightgbm,LightGBM,gradient_boosting,medium,True,0.5507238723154082,285,0.4871344387961734,details payment | additionally please | [char]  thei | Billing and Payments | [char]  on ,billing details | services | hope message | [char] scoun | [char] disco,,,,,,,,author
case_03,unanimous_correct_high,1,5c1adc7aa2813d400ebf30ac65484e8b7383ede9,high,Incident,en,Technical Support,"Account Disruption Dear Customer Support Team, I am writing to report a significant problem with the centralized account management portal, which currently appears to be offline. This outage is blocking access to account settings, leading to substantial inconvenience. I have attempted to log in multiple times using different browsers and devices, but the issue persists. Could you please provide an update on the outage status and an estimated time for resolution? Also, are there any alternative ways to access and manage my account during this downtime?",logistic_regression,Logistic Regression,linear_baseline,high,True,0.2637297239230983,470,0.6359726124215607,account management | Technical Support | ways | disruption | log,account | Incident | devices | customer | [char] date ,,,,,,,,author
case_03,unanimous_correct_high,1,5c1adc7aa2813d400ebf30ac65484e8b7383ede9,high,Incident,en,Technical Support,"Account Disruption Dear Customer Support Team, I am writing to report a significant problem with the centralized account management portal, which currently appears to be offline. This outage is blocking access to account settings, leading to substantial inconvenience. I have attempted to log in multiple times using different browsers and devices, but the issue persists. Could you please provide an update on the outage status and an estimated time for resolution? Also, are there any alternative ways to access and manage my account during this downtime?",linear_svm,Linear SVM,linear,high,True,0.26240898067329094,489,0.6369089369640584,account management | Technical Support | ways | log | disruption,account | Incident | alternative | devices | [char] date ,,,,,,,,author
case_03,unanimous_correct_high,1,5c1adc7aa2813d400ebf30ac65484e8b7383ede9,high,Incident,en,Technical Support,"Account Disruption Dear Customer Support Team, I am writing to report a significant problem with the centralized account management portal, which currently appears to be offline. This outage is blocking access to account settings, leading to substantial inconvenience. I have attempted to log in multiple times using different browsers and devices, but the issue persists. Could you please provide an update on the outage status and an estimated time for resolution? Also, are there any alternative ways to access and manage my account during this downtime?",complement_naive_bayes,Complement Naive Bayes,naive_bayes,high,True,0.12744126827143054,774,0.6942927154668315,Technical Support | centralized account | account | centralized | significant problem,,,,,,,,,author
case_03,unanimous_correct_high,1,5c1adc7aa2813d400ebf30ac65484e8b7383ede9,high,Incident,en,Technical Support,"Account Disruption Dear Customer Support Team, I am writing to report a significant problem with the centralized account management portal, which currently appears to be offline. This outage is blocking access to account settings, leading to substantial inconvenience. I have attempted to log in multiple times using different browsers and devices, but the issue persists. Could you please provide an update on the outage status and an estimated time for resolution? Also, are there any alternative ways to access and manage my account during this downtime?",knn_cosine,kNN (cosine),instance_based,high,True,0.5232956022784344,47,0.42467039121001116,Technical Support | account | account management | [char] accou | [char] cco,en | Incident | [char] rentl | [char] eadi | [char] rows,,,,,,,,author
case_03,unanimous_correct_high,1,5c1adc7aa2813d400ebf30ac65484e8b7383ede9,high,Incident,en,Technical Support,"Account Disruption Dear Customer Support Team, I am writing to report a significant problem with the centralized account management portal, which currently appears to be offline. This outage is blocking access to account settings, leading to substantial inconvenience. I have attempted to log in multiple times using different browsers and devices, but the issue persists. Could you please provide an update on the outage status and an estimated time for resolution? Also, are there any alternative ways to access and manage my account during this downtime?",random_forest,Random Forest,bagging_ensemble,high,True,0.17498516000157374,373,0.6497140567657008,Technical Support | [char] utage | [char] utag | [char] outag | [char] tage,[char] adi | [char]  on  | [char] ign | [char] ffer | settings,,,,,,,,author
case_03,unanimous_correct_high,1,5c1adc7aa2813d400ebf30ac65484e8b7383ede9,high,Incident,en,Technical Support,"Account Disruption Dear Customer Support Team, I am writing to report a significant problem with the centralized account management portal, which currently appears to be offline. This outage is blocking access to account settings, leading to substantial inconvenience. I have attempted to log in multiple times using different browsers and devices, but the issue persists. Could you please provide an update on the outage status and an estimated time for resolution? Also, are there any alternative ways to access and manage my account during this downtime?",xgboost,XGBoost,gradient_boosting,high,True,0.41531583753604645,96,0.49097625509505227,Technical Support | [char] bst | significant | [char] dow | [char] leadi,customer | [char] date  | [char] nati | [char] mpt | [char] ld ,,,,,,,,author
case_03,unanimous_correct_high,1,5c1adc7aa2813d400ebf30ac65484e8b7383ede9,high,Incident,en,Technical Support,"Account Disruption Dear Customer Support Team, I am writing to report a significant problem with the centralized account management portal, which currently appears to be offline. This outage is blocking access to account settings, leading to substantial inconvenience. I have attempted to log in multiple times using different browsers and devices, but the issue persists. Could you please provide an update on the outage status and an estimated time for resolution? Also, are there any alternative ways to access and manage my account during this downtime?",lightgbm,LightGBM,gradient_boosting,high,True,0.5094916416349056,143,0.5029460524960694,account management | Technical Support | ways | significant | [char] dow,[char] nati | customer | [char] date  | [char] upt | [char] sta,,,,,,,,author
case_04,typical_low_to_medium,126,890270067c166c047ceda5d45e5e16ea678f5fa8,low,Incident,en,Returns and Exchanges,"Request to Return Electronic Hardware Items Dear Customer Support Team, I am reaching out to request the return of several electronic hardware products recently bought from your store. Unfortunately, these items do not meet my expectations due to minor defects and compatibility concerns identified upon inspection. The items in question include a wireless mouse, a USB-C hub, and an external hard drive. They have been used carefully during initial setup and testing, are still in excellent condition, and come with all original packaging and accessories. I would be grateful for your assistance.",logistic_regression,Logistic Regression,linear_baseline,medium,False,0.2844644783009779,860,0.6625324801691883,meet expectations | usb | wireless | Incident | reaching,electronic | return | minor | wireless mouse | come,,,,,,,,author
case_04,typical_low_to_medium,126,890270067c166c047ceda5d45e5e16ea678f5fa8,low,Incident,en,Returns and Exchanges,"Request to Return Electronic Hardware Items Dear Customer Support Team, I am reaching out to request the return of several electronic hardware products recently bought from your store. Unfortunately, these items do not meet my expectations due to minor defects and compatibility concerns identified upon inspection. The items in question include a wireless mouse, a USB-C hub, and an external hard drive. They have been used carefully during initial setup and testing, are still in excellent condition, and come with all original packaging and accessories. I would be grateful for your assistance.",linear_svm,Linear SVM,linear,medium,False,0.28081002309335745,864,0.6636323110246733,meet expectations | usb | wireless | Incident | Returns and Exchanges,electronic | return | come | minor | en,,,,,,,,author
case_04,typical_low_to_medium,126,890270067c166c047ceda5d45e5e16ea678f5fa8,low,Incident,en,Returns and Exchanges,"Request to Return Electronic Hardware Items Dear Customer Support Team, I am reaching out to request the return of several electronic hardware products recently bought from your store. Unfortunately, these items do not meet my expectations due to minor defects and compatibility concerns identified upon inspection. The items in question include a wireless mouse, a USB-C hub, and an external hard drive. They have been used carefully during initial setup and testing, are still in excellent condition, and come with all original packaging and accessories. I would be grateful for your assistance.",complement_naive_bayes,Complement Naive Bayes,naive_bayes,medium,False,0.20952741707885925,1189,0.690773776479525,Returns and Exchanges | electronic | return | wireless mouse | compatibility concerns,,,,,,,,,author
case_04,typical_low_to_medium,126,890270067c166c047ceda5d45e5e16ea678f5fa8,low,Incident,en,Returns and Exchanges,"Request to Return Electronic Hardware Items Dear Customer Support Team, I am reaching out to request the return of several electronic hardware products recently bought from your store. Unfortunately, these items do not meet my expectations due to minor defects and compatibility concerns identified upon inspection. The items in question include a wireless mouse, a USB-C hub, and an external hard drive. They have been used carefully during initial setup and testing, are still in excellent condition, and come with all original packaging and accessories. I would be grateful for your assistance.",knn_cosine,kNN (cosine),instance_based,high,False,0.45907076249658685,68,0.4457721783834678,Returns and Exchanges | en | Incident | [char] urn | [char] ently,return | wireless mouse | [char] riv | [char] durin | [char] you,,,,,,,,author
case_04,typical_low_to_medium,126,890270067c166c047ceda5d45e5e16ea678f5fa8,low,Incident,en,Returns and Exchanges,"Request to Return Electronic Hardware Items Dear Customer Support Team, I am reaching out to request the return of several electronic hardware products recently bought from your store. Unfortunately, these items do not meet my expectations due to minor defects and compatibility concerns identified upon inspection. The items in question include a wireless mouse, a USB-C hub, and an external hard drive. They have been used carefully during initial setup and testing, are still in excellent condition, and come with all original packaging and accessories. I would be grateful for your assistance.",random_forest,Random Forest,bagging_ensemble,medium,False,0.12102206128324114,583,0.6883146331447336,[char] tem | [char] itio | [char] era | [char] riv | [char] gin,[char] urn | Returns and Exchanges | customer | [char] chin | [char]  i ,,,,,,,,author
case_04,typical_low_to_medium,126,890270067c166c047ceda5d45e5e16ea678f5fa8,low,Incident,en,Returns and Exchanges,"Request to Return Electronic Hardware Items Dear Customer Support Team, I am reaching out to request the return of several electronic hardware products recently bought from your store. Unfortunately, these items do not meet my expectations due to minor defects and compatibility concerns identified upon inspection. The items in question include a wireless mouse, a USB-C hub, and an external hard drive. They have been used carefully during initial setup and testing, are still in excellent condition, and come with all original packaging and accessories. I would be grateful for your assistance.",xgboost,XGBoost,gradient_boosting,medium,False,0.3959509377434006,132,0.5172731272791713,[char] gin | [char] ld  | [char] ntly  | usb | [char] dur,[char] urn | [char] ould | [char] eve | [char]  bee | [char] rate,,,,,,,,author
case_04,typical_low_to_medium,126,890270067c166c047ceda5d45e5e16ea678f5fa8,low,Incident,en,Returns and Exchanges,"Request to Return Electronic Hardware Items Dear Customer Support Team, I am reaching out to request the return of several electronic hardware products recently bought from your store. Unfortunately, these items do not meet my expectations due to minor defects and compatibility concerns identified upon inspection. The items in question include a wireless mouse, a USB-C hub, and an external hard drive. They have been used carefully during initial setup and testing, are still in excellent condition, and come with all original packaging and accessories. I would be grateful for your assistance.",lightgbm,LightGBM,gradient_boosting,medium,False,0.452104810124948,515,0.5658625662798569,meet expectations | [char] gin | Returns and Exchanges | usb | Incident,[char] urn | electronic | [char] mpa | [char] hes | [char] ver,,,,,,,,author
case_05,typical_high_to_medium,394,a290262a783ad8b4921aa46b3c337daf9f4dbeb1,high,Request,de,Customer Service,"Anfrage Sehr geehrtes Kundendienstteam, ich hoffe, diese Nachricht erreicht Sie wohlbehalten. Ich schreibe, um detaillierte Informationen über die Produkte und Dienstleistungen zu erfragen, die Ihr Unternehmen anbietet. Kürzlich wurde ich auf Ihre Marke aufmerksam und bin daran interessiert, mehr darüber zu erfahren, um zu beurteilen, ob Ihre Angebote meinen Bedürfnissen entsprechen könnten. Könnten Sie bitte eine umfassende Übersicht über das verfügbare Produktsortiment bereitstellen? Insbesondere möchte ich mehr über die wichtigsten Eigenschaften, Spezifikationen und eventuelle Varianten innerhalb der Produktkategorie erfahren. Zudem wären Informationen zu",logistic_regression,Logistic Regression,linear_baseline,low,False,0.24544682248466446,761,0.6611833486798743,wohlbehalten schreibe | Customer Service | umfassende | daran interessiert | interessiert mehr,Request | erfahren | schreibe detaillierte | eventuelle | interessiert,,,,,,,,author
case_05,typical_high_to_medium,394,a290262a783ad8b4921aa46b3c337daf9f4dbeb1,high,Request,de,Customer Service,"Anfrage Sehr geehrtes Kundendienstteam, ich hoffe, diese Nachricht erreicht Sie wohlbehalten. Ich schreibe, um detaillierte Informationen über die Produkte und Dienstleistungen zu erfragen, die Ihr Unternehmen anbietet. Kürzlich wurde ich auf Ihre Marke aufmerksam und bin daran interessiert, mehr darüber zu erfahren, um zu beurteilen, ob Ihre Angebote meinen Bedürfnissen entsprechen könnten. Könnten Sie bitte eine umfassende Übersicht über das verfügbare Produktsortiment bereitstellen? Insbesondere möchte ich mehr über die wichtigsten Eigenschaften, Spezifikationen und eventuelle Varianten innerhalb der Produktkategorie erfahren. Zudem wären Informationen zu",linear_svm,Linear SVM,linear,low,False,0.24382850875770343,735,0.656980131099767,wohlbehalten schreibe | Customer Service | umfassende | daran interessiert | insbesondere möchte,Request | erfahren | schreibe detaillierte | de | eventuelle,,,,,,,,author
case_05,typical_high_to_medium,394,a290262a783ad8b4921aa46b3c337daf9f4dbeb1,high,Request,de,Customer Service,"Anfrage Sehr geehrtes Kundendienstteam, ich hoffe, diese Nachricht erreicht Sie wohlbehalten. Ich schreibe, um detaillierte Informationen über die Produkte und Dienstleistungen zu erfragen, die Ihr Unternehmen anbietet. Kürzlich wurde ich auf Ihre Marke aufmerksam und bin daran interessiert, mehr darüber zu erfahren, um zu beurteilen, ob Ihre Angebote meinen Bedürfnissen entsprechen könnten. Könnten Sie bitte eine umfassende Übersicht über das verfügbare Produktsortiment bereitstellen? Insbesondere möchte ich mehr über die wichtigsten Eigenschaften, Spezifikationen und eventuelle Varianten innerhalb der Produktkategorie erfahren. Zudem wären Informationen zu",complement_naive_bayes,Complement Naive Bayes,naive_bayes,low,False,0.18963289359581073,1282,0.701840391261771,Customer Service | Request | de | wohlbehalten schreibe | schreibe detaillierte,[char] ver,,,,,,,,author
case_05,typical_high_to_medium,394,a290262a783ad8b4921aa46b3c337daf9f4dbeb1,high,Request,de,Customer Service,"Anfrage Sehr geehrtes Kundendienstteam, ich hoffe, diese Nachricht erreicht Sie wohlbehalten. Ich schreibe, um detaillierte Informationen über die Produkte und Dienstleistungen zu erfragen, die Ihr Unternehmen anbietet. Kürzlich wurde ich auf Ihre Marke aufmerksam und bin daran interessiert, mehr darüber zu erfahren, um zu beurteilen, ob Ihre Angebote meinen Bedürfnissen entsprechen könnten. Könnten Sie bitte eine umfassende Übersicht über das verfügbare Produktsortiment bereitstellen? Insbesondere möchte ich mehr über die wichtigsten Eigenschaften, Spezifikationen und eventuelle Varianten innerhalb der Produktkategorie erfahren. Zudem wären Informationen zu",knn_cosine,kNN (cosine),instance_based,medium,False,0.3465633051132662,78,0.48301571004490984,mehr | bereitstellen | Customer Service | daran | daran interessiert,Request | dienstleistungen | könnten bitte | interessiert | [char]  inte,,,,,,,,author
case_05,typical_high_to_medium,394,a290262a783ad8b4921aa46b3c337daf9f4dbeb1,high,Request,de,Customer Service,"Anfrage Sehr geehrtes Kundendienstteam, ich hoffe, diese Nachricht erreicht Sie wohlbehalten. Ich schreibe, um detaillierte Informationen über die Produkte und Dienstleistungen zu erfragen, die Ihr Unternehmen anbietet. Kürzlich wurde ich auf Ihre Marke aufmerksam und bin daran interessiert, mehr darüber zu erfahren, um zu beurteilen, ob Ihre Angebote meinen Bedürfnissen entsprechen könnten. Könnten Sie bitte eine umfassende Übersicht über das verfügbare Produktsortiment bereitstellen? Insbesondere möchte ich mehr über die wichtigsten Eigenschaften, Spezifikationen und eventuelle Varianten innerhalb der Produktkategorie erfahren. Zudem wären Informationen zu",random_forest,Random Forest,bagging_ensemble,low,False,0.24185076670812905,550,0.6457062771903489,Customer Service | [char] mehr  | [char] bin  | daran | [char] aran ,[char] tego | [char] chti | [char] htig | [char] hti | [char] tegor,,,,,,,,author
case_05,typical_high_to_medium,394,a290262a783ad8b4921aa46b3c337daf9f4dbeb1,high,Request,de,Customer Service,"Anfrage Sehr geehrtes Kundendienstteam, ich hoffe, diese Nachricht erreicht Sie wohlbehalten. Ich schreibe, um detaillierte Informationen über die Produkte und Dienstleistungen zu erfragen, die Ihr Unternehmen anbietet. Kürzlich wurde ich auf Ihre Marke aufmerksam und bin daran interessiert, mehr darüber zu erfahren, um zu beurteilen, ob Ihre Angebote meinen Bedürfnissen entsprechen könnten. Könnten Sie bitte eine umfassende Übersicht über das verfügbare Produktsortiment bereitstellen? Insbesondere möchte ich mehr über die wichtigsten Eigenschaften, Spezifikationen und eventuelle Varianten innerhalb der Produktkategorie erfahren. Zudem wären Informationen zu",xgboost,XGBoost,gradient_boosting,medium,False,0.44060094158706076,139,0.5083850165450812,[char] rteil | [char] rtei | [char] agen | [char] bot | Customer Service,daran | kürzlich | interessiert mehr | [char] teg | [char]  det,,,,,,,,author
case_05,typical_high_to_medium,394,a290262a783ad8b4921aa46b3c337daf9f4dbeb1,high,Request,de,Customer Service,"Anfrage Sehr geehrtes Kundendienstteam, ich hoffe, diese Nachricht erreicht Sie wohlbehalten. Ich schreibe, um detaillierte Informationen über die Produkte und Dienstleistungen zu erfragen, die Ihr Unternehmen anbietet. Kürzlich wurde ich auf Ihre Marke aufmerksam und bin daran interessiert, mehr darüber zu erfahren, um zu beurteilen, ob Ihre Angebote meinen Bedürfnissen entsprechen könnten. Könnten Sie bitte eine umfassende Übersicht über das verfügbare Produktsortiment bereitstellen? Insbesondere möchte ich mehr über die wichtigsten Eigenschaften, Spezifikationen und eventuelle Varianten innerhalb der Produktkategorie erfahren. Zudem wären Informationen zu",lightgbm,LightGBM,gradient_boosting,low,False,0.3892200518577599,407,0.5856619795801797,Customer Service | [char] aran  | könnten bitte | daran | daran interessiert,erfahren | [char] err | [char] inen  | [char] nfor | [char] ssier,,,,,,,,author
case_06,critical_low_to_high,8,66db6625b564da4549986df74e6db441a323c089,low,Request,de,Technical Support,"Anfrage nach detaillierten Angaben zur Systemarchitektur der Plattform Sehr geehrtes Kundensupport-Team, ich hoffe, diese Nachricht trifft Sie wohl. Ich nehme Kontakt auf, um umfassende Informationen zur Architektur der Plattform zu erfragen. Das Verständnis der zugrunde liegenden Struktur, Komponenten und deren Zusammenhänge ist entscheidend, um eine reibungslose Integration zu gewährleisten und die Nutzung der Dienste zu optimieren. Besonders interessieren mich Details zu den Kernmodulen der Plattform, Datenströmen, Sicherheitsmaßnahmen, Skalierbarkeitsmerkmalen sowie verfügbaren APIs und Schnittstellen zur Anpassung. Zudem wären Einblicke in den Technologiestack sowie die Bereitstellungsumgebung sehr hilfreich. Der Zugriff auf diese Informationen ermöglicht es dem technischen Team, die Infrastrukturprozesse besser zu planen und zu steuern.",logistic_regression,Logistic Regression,linear_baseline,high,False,0.270461834642144,689,0.6515069599867046,Technical Support | reibungslose integration | Request | entscheidend | komponenten,deren | umfassende | nehme | nehme kontakt | informationen,,,,,,,,author
case_06,critical_low_to_high,8,66db6625b564da4549986df74e6db441a323c089,low,Request,de,Technical Support,"Anfrage nach detaillierten Angaben zur Systemarchitektur der Plattform Sehr geehrtes Kundensupport-Team, ich hoffe, diese Nachricht trifft Sie wohl. Ich nehme Kontakt auf, um umfassende Informationen zur Architektur der Plattform zu erfragen. Das Verständnis der zugrunde liegenden Struktur, Komponenten und deren Zusammenhänge ist entscheidend, um eine reibungslose Integration zu gewährleisten und die Nutzung der Dienste zu optimieren. Besonders interessieren mich Details zu den Kernmodulen der Plattform, Datenströmen, Sicherheitsmaßnahmen, Skalierbarkeitsmerkmalen sowie verfügbaren APIs und Schnittstellen zur Anpassung. Zudem wären Einblicke in den Technologiestack sowie die Bereitstellungsumgebung sehr hilfreich. Der Zugriff auf diese Informationen ermöglicht es dem technischen Team, die Infrastrukturprozesse besser zu planen und zu steuern.",linear_svm,Linear SVM,linear,high,False,0.258107046205165,688,0.6508883433068876,Technical Support | reibungslose integration | Request | komponenten | verfügbaren,deren | de | nehme | nehme kontakt | interessieren,,,,,,,,author
case_06,critical_low_to_high,8,66db6625b564da4549986df74e6db441a323c089,low,Request,de,Technical Support,"Anfrage nach detaillierten Angaben zur Systemarchitektur der Plattform Sehr geehrtes Kundensupport-Team, ich hoffe, diese Nachricht trifft Sie wohl. Ich nehme Kontakt auf, um umfassende Informationen zur Architektur der Plattform zu erfragen. Das Verständnis der zugrunde liegenden Struktur, Komponenten und deren Zusammenhänge ist entscheidend, um eine reibungslose Integration zu gewährleisten und die Nutzung der Dienste zu optimieren. Besonders interessieren mich Details zu den Kernmodulen der Plattform, Datenströmen, Sicherheitsmaßnahmen, Skalierbarkeitsmerkmalen sowie verfügbaren APIs und Schnittstellen zur Anpassung. Zudem wären Einblicke in den Technologiestack sowie die Bereitstellungsumgebung sehr hilfreich. Der Zugriff auf diese Informationen ermöglicht es dem technischen Team, die Infrastrukturprozesse besser zu planen und zu steuern.",complement_naive_bayes,Complement Naive Bayes,naive_bayes,high,False,0.1714130067324415,1166,0.7034203971834537,Request | Technical Support | de | reibungslose integration | komponenten,[char] tem | [char] rat | [char] syst | [char] sys | [char] syste,,,,,,,,author
case_06,critical_low_to_high,8,66db6625b564da4549986df74e6db441a323c089,low,Request,de,Technical Support,"Anfrage nach detaillierten Angaben zur Systemarchitektur der Plattform Sehr geehrtes Kundensupport-Team, ich hoffe, diese Nachricht trifft Sie wohl. Ich nehme Kontakt auf, um umfassende Informationen zur Architektur der Plattform zu erfragen. Das Verständnis der zugrunde liegenden Struktur, Komponenten und deren Zusammenhänge ist entscheidend, um eine reibungslose Integration zu gewährleisten und die Nutzung der Dienste zu optimieren. Besonders interessieren mich Details zu den Kernmodulen der Plattform, Datenströmen, Sicherheitsmaßnahmen, Skalierbarkeitsmerkmalen sowie verfügbaren APIs und Schnittstellen zur Anpassung. Zudem wären Einblicke in den Technologiestack sowie die Bereitstellungsumgebung sehr hilfreich. Der Zugriff auf diese Informationen ermöglicht es dem technischen Team, die Infrastrukturprozesse besser zu planen und zu steuern.",knn_cosine,kNN (cosine),instance_based,high,False,0.525014094776218,60,0.4047868976104936,Technical Support | Request | umfassende | [char] eta | informationen,details | anfrage | [char] latt | [char] ntere | [char] tfor,,,,,,,,author
case_06,critical_low_to_high,8,66db6625b564da4549986df74e6db441a323c089,low,Request,de,Technical Support,"Anfrage nach detaillierten Angaben zur Systemarchitektur der Plattform Sehr geehrtes Kundensupport-Team, ich hoffe, diese Nachricht trifft Sie wohl. Ich nehme Kontakt auf, um umfassende Informationen zur Architektur der Plattform zu erfragen. Das Verständnis der zugrunde liegenden Struktur, Komponenten und deren Zusammenhänge ist entscheidend, um eine reibungslose Integration zu gewährleisten und die Nutzung der Dienste zu optimieren. Besonders interessieren mich Details zu den Kernmodulen der Plattform, Datenströmen, Sicherheitsmaßnahmen, Skalierbarkeitsmerkmalen sowie verfügbaren APIs und Schnittstellen zur Anpassung. Zudem wären Einblicke in den Technologiestack sowie die Bereitstellungsumgebung sehr hilfreich. Der Zugriff auf diese Informationen ermöglicht es dem technischen Team, die Infrastrukturprozesse besser zu planen und zu steuern.",random_forest,Random Forest,bagging_ensemble,high,False,0.2053901673869976,505,0.6511345529044352,Technical Support | [char] ras | [char] plat | [char] ste | [char] etai,[char] one | [char] em  | [char] chi | [char] attf | [char] mati,,,,,,,,author
case_06,critical_low_to_high,8,66db6625b564da4549986df74e6db441a323c089,low,Request,de,Technical Support,"Anfrage nach detaillierten Angaben zur Systemarchitektur der Plattform Sehr geehrtes Kundensupport-Team, ich hoffe, diese Nachricht trifft Sie wohl. Ich nehme Kontakt auf, um umfassende Informationen zur Architektur der Plattform zu erfragen. Das Verständnis der zugrunde liegenden Struktur, Komponenten und deren Zusammenhänge ist entscheidend, um eine reibungslose Integration zu gewährleisten und die Nutzung der Dienste zu optimieren. Besonders interessieren mich Details zu den Kernmodulen der Plattform, Datenströmen, Sicherheitsmaßnahmen, Skalierbarkeitsmerkmalen sowie verfügbaren APIs und Schnittstellen zur Anpassung. Zudem wären Einblicke in den Technologiestack sowie die Bereitstellungsumgebung sehr hilfreich. Der Zugriff auf diese Informationen ermöglicht es dem technischen Team, die Infrastrukturprozesse besser zu planen und zu steuern.",xgboost,XGBoost,gradient_boosting,high,False,0.35810976139453254,117,0.5042181677931838,Technical Support | [char] los | [char] isten | [char] ast | [char] chni,besonders | [char] gie | [char] chi | integration | [char] em ,,,,,,,,author
case_06,critical_low_to_high,8,66db6625b564da4549986df74e6db441a323c089,low,Request,de,Technical Support,"Anfrage nach detaillierten Angaben zur Systemarchitektur der Plattform Sehr geehrtes Kundensupport-Team, ich hoffe, diese Nachricht trifft Sie wohl. Ich nehme Kontakt auf, um umfassende Informationen zur Architektur der Plattform zu erfragen. Das Verständnis der zugrunde liegenden Struktur, Komponenten und deren Zusammenhänge ist entscheidend, um eine reibungslose Integration zu gewährleisten und die Nutzung der Dienste zu optimieren. Besonders interessieren mich Details zu den Kernmodulen der Plattform, Datenströmen, Sicherheitsmaßnahmen, Skalierbarkeitsmerkmalen sowie verfügbaren APIs und Schnittstellen zur Anpassung. Zudem wären Einblicke in den Technologiestack sowie die Bereitstellungsumgebung sehr hilfreich. Der Zugriff auf diese Informationen ermöglicht es dem technischen Team, die Infrastrukturprozesse besser zu planen und zu steuern.",lightgbm,LightGBM,gradient_boosting,high,False,0.4213766690413692,329,0.548270226514426,Technical Support | [char] los | [char] latt | Request | [char] stru,besonders | umfassende | [char] chi | besonders interessieren | [char] em ,,,,,,,,author
case_07,critical_high_to_low,3081,4b2afb7f05c9cd9fd85790fdd2db112b4abbc318,high,Request,de,Customer Service,"Kundendienstanfrage Könnten Sie bitte zusätzliche Informationen zu digitalen Strategien, Markenwachstumsinstrumenten sowie der Förderung durch McAfee und Logitech bereitstellen?",logistic_regression,Logistic Regression,linear_baseline,low,False,0.25176399261179583,791,0.6665500823991649,mcafee | Customer Service | bitte zusätzliche | informationen | könnten bitte,Request | strategien | [char] ge  | [char] rate | de,,,,,,,,author
case_07,critical_high_to_low,3081,4b2afb7f05c9cd9fd85790fdd2db112b4abbc318,high,Request,de,Customer Service,"Kundendienstanfrage Könnten Sie bitte zusätzliche Informationen zu digitalen Strategien, Markenwachstumsinstrumenten sowie der Förderung durch McAfee und Logitech bereitstellen?",linear_svm,Linear SVM,linear,low,False,0.24304864219511496,771,0.6646479476496306,bitte zusätzliche | Customer Service | mcafee | könnten bitte | [char] fee ,Request | de | logitech | strategien | [char] ge ,,,,,,,,author
case_07,critical_high_to_low,3081,4b2afb7f05c9cd9fd85790fdd2db112b4abbc318,high,Request,de,Customer Service,"Kundendienstanfrage Könnten Sie bitte zusätzliche Informationen zu digitalen Strategien, Markenwachstumsinstrumenten sowie der Förderung durch McAfee und Logitech bereitstellen?",complement_naive_bayes,Complement Naive Bayes,naive_bayes,low,False,0.22086186236165012,1120,0.6726143481843784,bitte zusätzliche | Customer Service | logitech | mcafee | Request,,,,,,,,,author
case_07,critical_high_to_low,3081,4b2afb7f05c9cd9fd85790fdd2db112b4abbc318,high,Request,de,Customer Service,"Kundendienstanfrage Könnten Sie bitte zusätzliche Informationen zu digitalen Strategien, Markenwachstumsinstrumenten sowie der Förderung durch McAfee und Logitech bereitstellen?",knn_cosine,kNN (cosine),instance_based,medium,False,0.41806819143497637,62,0.45535374706613985,bereitstellen | [char] n?  | Customer Service | könnten bitte | [char]  info,bitte zusätzliche | de | informationen | [char]  mcaf | [char] mati,,,,,,,,author
case_07,critical_high_to_low,3081,4b2afb7f05c9cd9fd85790fdd2db112b4abbc318,high,Request,de,Customer Service,"Kundendienstanfrage Könnten Sie bitte zusätzliche Informationen zu digitalen Strategien, Markenwachstumsinstrumenten sowie der Förderung durch McAfee und Logitech bereitstellen?",random_forest,Random Forest,bagging_ensemble,low,False,0.2664703686067932,574,0.643462831388399,Customer Service | [char] fee | [char] en?  | könnten bitte | [char] en?,[char] tech | [char] ge  | [char]  str | [char] tru | [char] rate,,,,,,,,author
case_07,critical_high_to_low,3081,4b2afb7f05c9cd9fd85790fdd2db112b4abbc318,high,Request,de,Customer Service,"Kundendienstanfrage Könnten Sie bitte zusätzliche Informationen zu digitalen Strategien, Markenwachstumsinstrumenten sowie der Förderung durch McAfee und Logitech bereitstellen?",xgboost,XGBoost,gradient_boosting,low,False,0.40530301546618686,101,0.49945679381581753,Customer Service | [char] fee | [char] fee  | könnten bitte | [char] en?,[char] sta | [char] rateg | [char] tech | [char] teg | [char]  str,,,,,,,,author
case_07,critical_high_to_low,3081,4b2afb7f05c9cd9fd85790fdd2db112b4abbc318,high,Request,de,Customer Service,"Kundendienstanfrage Könnten Sie bitte zusätzliche Informationen zu digitalen Strategien, Markenwachstumsinstrumenten sowie der Förderung durch McAfee und Logitech bereitstellen?",lightgbm,LightGBM,gradient_boosting,low,False,0.46396464440129365,285,0.5478392128569541,[char] fee | könnten bitte | Customer Service | [char] ee  | [char] fee ,[char]  logi | strategien | Request | [char] tru | [char] nfor,,,,,,,,author
case_08,model_disagreement_1,13,de1f211d7fb1dd53f830f716d9499d66d3b65ee1,high,Request,en,Product Support,"Inquiry for Detailed Information on Agency Offerings Dear Customer Support Team, I hope this message reaches you well. I am writing to request detailed information about the services provided by your agency. Specifically, I am interested in understanding the variety of services available, the pricing models, and any special packages or offers that might be applicable. Additionally, I would appreciate it if you could send brochures, service contracts, and case studies highlighting your previous work and client success stories. This information will greatly help me in making an informed decision.",logistic_regression,Logistic Regression,linear_baseline,medium,False,0.21433054616048722,623,0.661526113224893,send | work | information services | Product Support | packages,special | success | case studies | studies | service,,,,,,,,author
case_08,model_disagreement_1,13,de1f211d7fb1dd53f830f716d9499d66d3b65ee1,high,Request,en,Product Support,"Inquiry for Detailed Information on Agency Offerings Dear Customer Support Team, I hope this message reaches you well. I am writing to request detailed information about the services provided by your agency. Specifically, I am interested in understanding the variety of services available, the pricing models, and any special packages or offers that might be applicable. Additionally, I would appreciate it if you could send brochures, service contracts, and case studies highlighting your previous work and client success stories. This information will greatly help me in making an informed decision.",linear_svm,Linear SVM,linear,medium,False,0.2257181211970124,603,0.655824497390168,send | work | information services | Product Support | detailed information,special | success | Request | case studies | studies,,,,,,,,author
case_08,model_disagreement_1,13,de1f211d7fb1dd53f830f716d9499d66d3b65ee1,high,Request,en,Product Support,"Inquiry for Detailed Information on Agency Offerings Dear Customer Support Team, I hope this message reaches you well. I am writing to request detailed information about the services provided by your agency. Specifically, I am interested in understanding the variety of services available, the pricing models, and any special packages or offers that might be applicable. Additionally, I would appreciate it if you could send brochures, service contracts, and case studies highlighting your previous work and client success stories. This information will greatly help me in making an informed decision.",complement_naive_bayes,Complement Naive Bayes,naive_bayes,low,False,0.1273204863375679,805,0.6935508070058666,Product Support | Request | contracts | special | send,[char] ste,,,,,,,,author
case_08,model_disagreement_1,13,de1f211d7fb1dd53f830f716d9499d66d3b65ee1,high,Request,en,Product Support,"Inquiry for Detailed Information on Agency Offerings Dear Customer Support Team, I hope this message reaches you well. I am writing to request detailed information about the services provided by your agency. Specifically, I am interested in understanding the variety of services available, the pricing models, and any special packages or offers that might be applicable. Additionally, I would appreciate it if you could send brochures, service contracts, and case studies highlighting your previous work and client success stories. This information will greatly help me in making an informed decision.",knn_cosine,kNN (cosine),instance_based,high,True,0.37368684947561237,82,0.4756452349181353,Product Support | Request | understanding | en | detailed information,interested understanding | [char] uiry  | pricing | [char] quiry | [char] deta,,,,,,,,author
case_08,model_disagreement_1,13,de1f211d7fb1dd53f830f716d9499d66d3b65ee1,high,Request,en,Product Support,"Inquiry for Detailed Information on Agency Offerings Dear Customer Support Team, I hope this message reaches you well. I am writing to request detailed information about the services provided by your agency. Specifically, I am interested in understanding the variety of services available, the pricing models, and any special packages or offers that might be applicable. Additionally, I would appreciate it if you could send brochures, service contracts, and case studies highlighting your previous work and client success stories. This information will greatly help me in making an informed decision.",random_forest,Random Forest,bagging_ensemble,medium,False,0.11569345154555927,410,0.6683319914588479,Product Support | [char]  det | studies | [char] offer | [char] det,[char] ormat | [char] derst | [char] packa | [char] ages | [char] fer,,,,,,,,author
case_08,model_disagreement_1,13,de1f211d7fb1dd53f830f716d9499d66d3b65ee1,high,Request,en,Product Support,"Inquiry for Detailed Information on Agency Offerings Dear Customer Support Team, I hope this message reaches you well. I am writing to request detailed information about the services provided by your agency. Specifically, I am interested in understanding the variety of services available, the pricing models, and any special packages or offers that might be applicable. Additionally, I would appreciate it if you could send brochures, service contracts, and case studies highlighting your previous work and client success stories. This information will greatly help me in making an informed decision.",xgboost,XGBoost,gradient_boosting,medium,False,0.38419272016830924,125,0.5195224485119071,Product Support | [char] agen | [char] ies  | [char] ies | [char] pplic,[char] fer | appreciate could | [char] sted  | [char] udie | [char] any,,,,,,,,author
case_08,model_disagreement_1,13,de1f211d7fb1dd53f830f716d9499d66d3b65ee1,high,Request,en,Product Support,"Inquiry for Detailed Information on Agency Offerings Dear Customer Support Team, I hope this message reaches you well. I am writing to request detailed information about the services provided by your agency. Specifically, I am interested in understanding the variety of services available, the pricing models, and any special packages or offers that might be applicable. Additionally, I would appreciate it if you could send brochures, service contracts, and case studies highlighting your previous work and client success stories. This information will greatly help me in making an informed decision.",lightgbm,LightGBM,gradient_boosting,medium,False,0.2543878700283117,565,0.6395499555022583,[char] hti | Product Support | [char] agenc | [char]  am | [char]  i ,[char] fer | additionally | [char] udie | appreciate could | [char] ge ,,,,,,,,author
case_09,model_disagreement_2,59,c655267a95bf20edad8c0f0eac49d2c7984240c5,low,Request,de,Customer Service,"Anfrage zu technischen Spezifikationen der SaaS-Lösung Sehr geehrtes Support-Team, ich hoffe, diese Nachricht erreicht Sie wohlbehalten. Derzeit prüfe ich die SaaS-Plattform im Hinblick auf eine mögliche Integration in unsere Organisation. Für eine umfassende technische Analyse benötige ich bitte detaillierte Informationen zur Architektur der Plattform. Besonders interessiere ich mich für die Hauptkomponenten, Datenströme, Sicherheitsvorkehrungen, Skalierungsmöglichkeiten und die Einhaltung relevanter Compliance-Standards, an die die Plattform gebunden ist. Ein klares Verständnis der architektonischen Strukturen wird unserem Team enorm dabei helfen, die Kompatibilität zu beurteilen und eine reibungslose Implementierung zu planen. Falls",logistic_regression,Logistic Regression,linear_baseline,medium,False,0.17451733859833762,909,0.7028093351615469,sicherheitsvorkehrungen | enorm | de | Customer Service | besonders,analyse | [char] one | [char] klar | saas | [char] tech,,,,,,,,author
case_09,model_disagreement_2,59,c655267a95bf20edad8c0f0eac49d2c7984240c5,low,Request,de,Customer Service,"Anfrage zu technischen Spezifikationen der SaaS-Lösung Sehr geehrtes Support-Team, ich hoffe, diese Nachricht erreicht Sie wohlbehalten. Derzeit prüfe ich die SaaS-Plattform im Hinblick auf eine mögliche Integration in unsere Organisation. Für eine umfassende technische Analyse benötige ich bitte detaillierte Informationen zur Architektur der Plattform. Besonders interessiere ich mich für die Hauptkomponenten, Datenströme, Sicherheitsvorkehrungen, Skalierungsmöglichkeiten und die Einhaltung relevanter Compliance-Standards, an die die Plattform gebunden ist. Ein klares Verständnis der architektonischen Strukturen wird unserem Team enorm dabei helfen, die Kompatibilität zu beurteilen und eine reibungslose Implementierung zu planen. Falls",linear_svm,Linear SVM,linear,medium,False,0.20809739467458876,852,0.6883398862741624,sicherheitsvorkehrungen | enorm | Customer Service | besonders | implementierung,Request | analyse | [char] one | [char] klar | [char] tech,,,,,,,,author
case_09,model_disagreement_2,59,c655267a95bf20edad8c0f0eac49d2c7984240c5,low,Request,de,Customer Service,"Anfrage zu technischen Spezifikationen der SaaS-Lösung Sehr geehrtes Support-Team, ich hoffe, diese Nachricht erreicht Sie wohlbehalten. Derzeit prüfe ich die SaaS-Plattform im Hinblick auf eine mögliche Integration in unsere Organisation. Für eine umfassende technische Analyse benötige ich bitte detaillierte Informationen zur Architektur der Plattform. Besonders interessiere ich mich für die Hauptkomponenten, Datenströme, Sicherheitsvorkehrungen, Skalierungsmöglichkeiten und die Einhaltung relevanter Compliance-Standards, an die die Plattform gebunden ist. Ein klares Verständnis der architektonischen Strukturen wird unserem Team enorm dabei helfen, die Kompatibilität zu beurteilen und eine reibungslose Implementierung zu planen. Falls",complement_naive_bayes,Complement Naive Bayes,naive_bayes,medium,False,0.179007564809513,1214,0.7081880831066479,Customer Service | Request | enorm | de | sicherheitsvorkehrungen,[char] ver | [char] em ,,,,,,,,author
case_09,model_disagreement_2,59,c655267a95bf20edad8c0f0eac49d2c7984240c5,low,Request,de,Customer Service,"Anfrage zu technischen Spezifikationen der SaaS-Lösung Sehr geehrtes Support-Team, ich hoffe, diese Nachricht erreicht Sie wohlbehalten. Derzeit prüfe ich die SaaS-Plattform im Hinblick auf eine mögliche Integration in unsere Organisation. Für eine umfassende technische Analyse benötige ich bitte detaillierte Informationen zur Architektur der Plattform. Besonders interessiere ich mich für die Hauptkomponenten, Datenströme, Sicherheitsvorkehrungen, Skalierungsmöglichkeiten und die Einhaltung relevanter Compliance-Standards, an die die Plattform gebunden ist. Ein klares Verständnis der architektonischen Strukturen wird unserem Team enorm dabei helfen, die Kompatibilität zu beurteilen und eine reibungslose Implementierung zu planen. Falls",knn_cosine,kNN (cosine),instance_based,high,False,0.2616721813817015,108,0.5091619535660709,plattform | [char] hni | [char] attf | [char] tes | anfrage,Customer Service | informationen | [char] nform | helfen | [char] rmat,,,,,,,,author
case_09,model_disagreement_2,59,c655267a95bf20edad8c0f0eac49d2c7984240c5,low,Request,de,Customer Service,"Anfrage zu technischen Spezifikationen der SaaS-Lösung Sehr geehrtes Support-Team, ich hoffe, diese Nachricht erreicht Sie wohlbehalten. Derzeit prüfe ich die SaaS-Plattform im Hinblick auf eine mögliche Integration in unsere Organisation. Für eine umfassende technische Analyse benötige ich bitte detaillierte Informationen zur Architektur der Plattform. Besonders interessiere ich mich für die Hauptkomponenten, Datenströme, Sicherheitsvorkehrungen, Skalierungsmöglichkeiten und die Einhaltung relevanter Compliance-Standards, an die die Plattform gebunden ist. Ein klares Verständnis der architektonischen Strukturen wird unserem Team enorm dabei helfen, die Kompatibilität zu beurteilen und eine reibungslose Implementierung zu planen. Falls",random_forest,Random Forest,bagging_ensemble,medium,False,0.13084189746305178,442,0.6683290494510539,besonders | [char]  plat | [char] ttfo | [char] ntere | anfrage,[char] techn | [char] echni | [char]  tec | [char] ttfor | [char]  kla,,,,,,,,author
case_09,model_disagreement_2,59,c655267a95bf20edad8c0f0eac49d2c7984240c5,low,Request,de,Customer Service,"Anfrage zu technischen Spezifikationen der SaaS-Lösung Sehr geehrtes Support-Team, ich hoffe, diese Nachricht erreicht Sie wohlbehalten. Derzeit prüfe ich die SaaS-Plattform im Hinblick auf eine mögliche Integration in unsere Organisation. Für eine umfassende technische Analyse benötige ich bitte detaillierte Informationen zur Architektur der Plattform. Besonders interessiere ich mich für die Hauptkomponenten, Datenströme, Sicherheitsvorkehrungen, Skalierungsmöglichkeiten und die Einhaltung relevanter Compliance-Standards, an die die Plattform gebunden ist. Ein klares Verständnis der architektonischen Strukturen wird unserem Team enorm dabei helfen, die Kompatibilität zu beurteilen und eine reibungslose Implementierung zu planen. Falls",xgboost,XGBoost,gradient_boosting,medium,False,0.39639811705191785,103,0.5048960490958266,[char] rteil | [char] rtei | [char] ders | [char] form  | [char] detai,[char] tech | [char] integ | [char] techn | [char] los | [char] nteg,,,,,,,,author
case_09,model_disagreement_2,59,c655267a95bf20edad8c0f0eac49d2c7984240c5,low,Request,de,Customer Service,"Anfrage zu technischen Spezifikationen der SaaS-Lösung Sehr geehrtes Support-Team, ich hoffe, diese Nachricht erreicht Sie wohlbehalten. Derzeit prüfe ich die SaaS-Plattform im Hinblick auf eine mögliche Integration in unsere Organisation. Für eine umfassende technische Analyse benötige ich bitte detaillierte Informationen zur Architektur der Plattform. Besonders interessiere ich mich für die Hauptkomponenten, Datenströme, Sicherheitsvorkehrungen, Skalierungsmöglichkeiten und die Einhaltung relevanter Compliance-Standards, an die die Plattform gebunden ist. Ein klares Verständnis der architektonischen Strukturen wird unserem Team enorm dabei helfen, die Kompatibilität zu beurteilen und eine reibungslose Implementierung zu planen. Falls",lightgbm,LightGBM,gradient_boosting,low,True,0.5106725331524165,202,0.5066415436800268,[char] klar | Customer Service | [char] pone | [char] ton | [char]  kla,[char] sere | [char] plat | [char] tform | [char] slo | [char] tfo,,,,,,,,author
case_10,model_disagreement_3,85,818ee361847e8677f2017325b145c997fb136ec4,low,Request,de,Customer Service,"Anfrage zu Netzwerkausrüstungsdetails Sehr geehrtes Kundenservice-Team, ich hoffe, diese Nachricht erreicht Sie wohlauf. Ich möchte um ausführliche Produktspezifikationen und Integrationsrichtlinien für die empfohlene Netzwerktechnologie bitten, die mit unseren Systemen kompatibel ist. Unser Team fokussiert sich auf die Optimierung der Datenanalyse, Handelsmodelle und Berichterstattung in unserer quantitativen Finanzumgebung. Daher sind präzise Hardware-Integrationsinformationen essenziell, um unsere Ziele effizient zu erreichen. Besonders interessiert bin ich an technischen Fähigkeiten, Leistungsparametern sowie Kompatibilitätsaspekten der empfohlenen Netzwerktechnik. Diese umfasst, aber beschränkt sich nicht nur auf Router, Switches, Firewalls und andere relevante Hardwarekomponenten. Außerdem benötige ich detaillierte Anweisungen zur Integration.",logistic_regression,Logistic Regression,linear_baseline,medium,False,0.17149288985935068,935,0.7028033330955761,firewalls | relevante | de | besonders interessiert | Customer Service,wohlauf | [char] one | [char] tech | [char] ric | [char] hnik,,,,,,,,author
case_10,model_disagreement_3,85,818ee361847e8677f2017325b145c997fb136ec4,low,Request,de,Customer Service,"Anfrage zu Netzwerkausrüstungsdetails Sehr geehrtes Kundenservice-Team, ich hoffe, diese Nachricht erreicht Sie wohlauf. Ich möchte um ausführliche Produktspezifikationen und Integrationsrichtlinien für die empfohlene Netzwerktechnologie bitten, die mit unseren Systemen kompatibel ist. Unser Team fokussiert sich auf die Optimierung der Datenanalyse, Handelsmodelle und Berichterstattung in unserer quantitativen Finanzumgebung. Daher sind präzise Hardware-Integrationsinformationen essenziell, um unsere Ziele effizient zu erreichen. Besonders interessiert bin ich an technischen Fähigkeiten, Leistungsparametern sowie Kompatibilitätsaspekten der empfohlenen Netzwerktechnik. Diese umfasst, aber beschränkt sich nicht nur auf Router, Switches, Firewalls und andere relevante Hardwarekomponenten. Außerdem benötige ich detaillierte Anweisungen zur Integration.",linear_svm,Linear SVM,linear,medium,False,0.1850723468007574,895,0.6970190044195725,besonders interessiert | Customer Service | firewalls | besonders | relevante,wohlauf | Request | [char] tech | [char] one | [char] techn,,,,,,,,author
case_10,model_disagreement_3,85,818ee361847e8677f2017325b145c997fb136ec4,low,Request,de,Customer Service,"Anfrage zu Netzwerkausrüstungsdetails Sehr geehrtes Kundenservice-Team, ich hoffe, diese Nachricht erreicht Sie wohlauf. Ich möchte um ausführliche Produktspezifikationen und Integrationsrichtlinien für die empfohlene Netzwerktechnologie bitten, die mit unseren Systemen kompatibel ist. Unser Team fokussiert sich auf die Optimierung der Datenanalyse, Handelsmodelle und Berichterstattung in unserer quantitativen Finanzumgebung. Daher sind präzise Hardware-Integrationsinformationen essenziell, um unsere Ziele effizient zu erreichen. Besonders interessiert bin ich an technischen Fähigkeiten, Leistungsparametern sowie Kompatibilitätsaspekten der empfohlenen Netzwerktechnik. Diese umfasst, aber beschränkt sich nicht nur auf Router, Switches, Firewalls und andere relevante Hardwarekomponenten. Außerdem benötige ich detaillierte Anweisungen zur Integration.",complement_naive_bayes,Complement Naive Bayes,naive_bayes,low,True,0.1855500441257074,1276,0.7120907246875454,Customer Service | Request | wohlauf | de | integrationsrichtlinien,[char] ste | [char] tem | [char] em  | [char] syst | [char] syste,,,,,,,,author
case_10,model_disagreement_3,85,818ee361847e8677f2017325b145c997fb136ec4,low,Request,de,Customer Service,"Anfrage zu Netzwerkausrüstungsdetails Sehr geehrtes Kundenservice-Team, ich hoffe, diese Nachricht erreicht Sie wohlauf. Ich möchte um ausführliche Produktspezifikationen und Integrationsrichtlinien für die empfohlene Netzwerktechnologie bitten, die mit unseren Systemen kompatibel ist. Unser Team fokussiert sich auf die Optimierung der Datenanalyse, Handelsmodelle und Berichterstattung in unserer quantitativen Finanzumgebung. Daher sind präzise Hardware-Integrationsinformationen essenziell, um unsere Ziele effizient zu erreichen. Besonders interessiert bin ich an technischen Fähigkeiten, Leistungsparametern sowie Kompatibilitätsaspekten der empfohlenen Netzwerktechnik. Diese umfasst, aber beschränkt sich nicht nur auf Router, Switches, Firewalls und andere relevante Hardwarekomponenten. Außerdem benötige ich detaillierte Anweisungen zur Integration.",knn_cosine,kNN (cosine),instance_based,high,False,0.33415681123274776,89,0.48849491359329356,Request | anfrage | optimierung | besonders | fähigkeiten,Customer Service | besonders interessiert | interessiert | integration | [char] essie,,,,,,,,author
case_10,model_disagreement_3,85,818ee361847e8677f2017325b145c997fb136ec4,low,Request,de,Customer Service,"Anfrage zu Netzwerkausrüstungsdetails Sehr geehrtes Kundenservice-Team, ich hoffe, diese Nachricht erreicht Sie wohlauf. Ich möchte um ausführliche Produktspezifikationen und Integrationsrichtlinien für die empfohlene Netzwerktechnologie bitten, die mit unseren Systemen kompatibel ist. Unser Team fokussiert sich auf die Optimierung der Datenanalyse, Handelsmodelle und Berichterstattung in unserer quantitativen Finanzumgebung. Daher sind präzise Hardware-Integrationsinformationen essenziell, um unsere Ziele effizient zu erreichen. Besonders interessiert bin ich an technischen Fähigkeiten, Leistungsparametern sowie Kompatibilitätsaspekten der empfohlenen Netzwerktechnik. Diese umfasst, aber beschränkt sich nicht nur auf Router, Switches, Firewalls und andere relevante Hardwarekomponenten. Außerdem benötige ich detaillierte Anweisungen zur Integration.",random_forest,Random Forest,bagging_ensemble,medium,False,0.12826192401371037,438,0.6680787098740786,[char] higk | [char] unser | integration | [char] ähigk | [char] sere,[char] chnik | [char] techn | [char] pone | [char]  emp | [char] rat,,,,,,,,author
case_10,model_disagreement_3,85,818ee361847e8677f2017325b145c997fb136ec4,low,Request,de,Customer Service,"Anfrage zu Netzwerkausrüstungsdetails Sehr geehrtes Kundenservice-Team, ich hoffe, diese Nachricht erreicht Sie wohlauf. Ich möchte um ausführliche Produktspezifikationen und Integrationsrichtlinien für die empfohlene Netzwerktechnologie bitten, die mit unseren Systemen kompatibel ist. Unser Team fokussiert sich auf die Optimierung der Datenanalyse, Handelsmodelle und Berichterstattung in unserer quantitativen Finanzumgebung. Daher sind präzise Hardware-Integrationsinformationen essenziell, um unsere Ziele effizient zu erreichen. Besonders interessiert bin ich an technischen Fähigkeiten, Leistungsparametern sowie Kompatibilitätsaspekten der empfohlenen Netzwerktechnik. Diese umfasst, aber beschränkt sich nicht nur auf Router, Switches, Firewalls und andere relevante Hardwarekomponenten. Außerdem benötige ich detaillierte Anweisungen zur Integration.",xgboost,XGBoost,gradient_boosting,medium,False,0.35383906814202587,99,0.5067511185428651,[char] higk | [char] ssie | [char] ewa | [char] ewall | [char] ders ,[char] tech | [char] techn | [char] itä | [char] att | [char] met,,,,,,,,author
case_10,model_disagreement_3,85,818ee361847e8677f2017325b145c997fb136ec4,low,Request,de,Customer Service,"Anfrage zu Netzwerkausrüstungsdetails Sehr geehrtes Kundenservice-Team, ich hoffe, diese Nachricht erreicht Sie wohlauf. Ich möchte um ausführliche Produktspezifikationen und Integrationsrichtlinien für die empfohlene Netzwerktechnologie bitten, die mit unseren Systemen kompatibel ist. Unser Team fokussiert sich auf die Optimierung der Datenanalyse, Handelsmodelle und Berichterstattung in unserer quantitativen Finanzumgebung. Daher sind präzise Hardware-Integrationsinformationen essenziell, um unsere Ziele effizient zu erreichen. Besonders interessiert bin ich an technischen Fähigkeiten, Leistungsparametern sowie Kompatibilitätsaspekten der empfohlenen Netzwerktechnik. Diese umfasst, aber beschränkt sich nicht nur auf Router, Switches, Firewalls und andere relevante Hardwarekomponenten. Außerdem benötige ich detaillierte Anweisungen zur Integration.",lightgbm,LightGBM,gradient_boosting,medium,False,0.3178598202208171,615,0.6274126090405899,[char] ewa | [char] ewal | Customer Service | [char] one | [char] ies,[char] techn | [char]  emp | [char] tech | interessiert | [char] ric,,,,,,,,author
case_11,model_disagreement_4,98,2b8de51a7c4e30bce5c04433674e788ab51bc409,high,Request,de,Product Support,"Benötigte Anleitung zur effektiven bereichsübergreifenden Kollaboration Sehr geehrtes Support-Team, ich bitte um Ihre fachkundige Beratung zur Optimierung der Zusammenarbeit zwischen Creative Studio und Performance Marketing Analytics-Teams. Ziel ist es, den Marketing-ROI zu steigern, indem ein datengesteuerter Ansatz mit einer zentralisierten Kontoverwaltung umgesetzt wird. Derzeit bestehen Herausforderungen bei der effizienten Koordination der Abteilungen und der reibungslosen Kommunikation sowie beim Austausch von Daten. Könnten Sie bitte bewährte Methoden und Strategien bereitstellen, um bereichsübergreifende Arbeitsprozesse zu verbessern? Besonders hilfreich wären Einblicke in die Integration von Datenanalysen in kreative, leistungsorientierte Marketingmaßnahmen.",logistic_regression,Logistic Regression,linear_baseline,low,False,0.2800675373315858,774,0.659962520335593,benötigte | methoden | teams | ansatz | marketingmaßnahmen,Request | Product Support | roi | strategien | [char] cre,,,,,,,,author
case_11,model_disagreement_4,98,2b8de51a7c4e30bce5c04433674e788ab51bc409,high,Request,de,Product Support,"Benötigte Anleitung zur effektiven bereichsübergreifenden Kollaboration Sehr geehrtes Support-Team, ich bitte um Ihre fachkundige Beratung zur Optimierung der Zusammenarbeit zwischen Creative Studio und Performance Marketing Analytics-Teams. Ziel ist es, den Marketing-ROI zu steigern, indem ein datengesteuerter Ansatz mit einer zentralisierten Kontoverwaltung umgesetzt wird. Derzeit bestehen Herausforderungen bei der effizienten Koordination der Abteilungen und der reibungslosen Kommunikation sowie beim Austausch von Daten. Könnten Sie bitte bewährte Methoden und Strategien bereitstellen, um bereichsübergreifende Arbeitsprozesse zu verbessern? Besonders hilfreich wären Einblicke in die Integration von Datenanalysen in kreative, leistungsorientierte Marketingmaßnahmen.",linear_svm,Linear SVM,linear,low,False,0.28629476582805596,743,0.6533646229842768,benötigte | methoden | ansatz | marketingmaßnahmen | teams,Request | Product Support | roi | de | [char] usf,,,,,,,,author
case_11,model_disagreement_4,98,2b8de51a7c4e30bce5c04433674e788ab51bc409,high,Request,de,Product Support,"Benötigte Anleitung zur effektiven bereichsübergreifenden Kollaboration Sehr geehrtes Support-Team, ich bitte um Ihre fachkundige Beratung zur Optimierung der Zusammenarbeit zwischen Creative Studio und Performance Marketing Analytics-Teams. Ziel ist es, den Marketing-ROI zu steigern, indem ein datengesteuerter Ansatz mit einer zentralisierten Kontoverwaltung umgesetzt wird. Derzeit bestehen Herausforderungen bei der effizienten Koordination der Abteilungen und der reibungslosen Kommunikation sowie beim Austausch von Daten. Könnten Sie bitte bewährte Methoden und Strategien bereitstellen, um bereichsübergreifende Arbeitsprozesse zu verbessern? Besonders hilfreich wären Einblicke in die Integration von Datenanalysen in kreative, leistungsorientierte Marketingmaßnahmen.",complement_naive_bayes,Complement Naive Bayes,naive_bayes,low,False,0.1941557519964013,1280,0.703935787908913,Product Support | Request | de | roi | abteilungen,[char] em ,,,,,,,,author
case_11,model_disagreement_4,98,2b8de51a7c4e30bce5c04433674e788ab51bc409,high,Request,de,Product Support,"Benötigte Anleitung zur effektiven bereichsübergreifenden Kollaboration Sehr geehrtes Support-Team, ich bitte um Ihre fachkundige Beratung zur Optimierung der Zusammenarbeit zwischen Creative Studio und Performance Marketing Analytics-Teams. Ziel ist es, den Marketing-ROI zu steigern, indem ein datengesteuerter Ansatz mit einer zentralisierten Kontoverwaltung umgesetzt wird. Derzeit bestehen Herausforderungen bei der effizienten Koordination der Abteilungen und der reibungslosen Kommunikation sowie beim Austausch von Daten. Könnten Sie bitte bewährte Methoden und Strategien bereitstellen, um bereichsübergreifende Arbeitsprozesse zu verbessern? Besonders hilfreich wären Einblicke in die Integration von Datenanalysen in kreative, leistungsorientierte Marketingmaßnahmen.",knn_cosine,kNN (cosine),instance_based,high,True,0.5001755977583361,67,0.43056679745054277,Request | ansatz | optimierung | bereitstellen | besonders,strategien | [char] rat | [char] tigt | [char]  ab | de,,,,,,,,author
case_11,model_disagreement_4,98,2b8de51a7c4e30bce5c04433674e788ab51bc409,high,Request,de,Product Support,"Benötigte Anleitung zur effektiven bereichsübergreifenden Kollaboration Sehr geehrtes Support-Team, ich bitte um Ihre fachkundige Beratung zur Optimierung der Zusammenarbeit zwischen Creative Studio und Performance Marketing Analytics-Teams. Ziel ist es, den Marketing-ROI zu steigern, indem ein datengesteuerter Ansatz mit einer zentralisierten Kontoverwaltung umgesetzt wird. Derzeit bestehen Herausforderungen bei der effizienten Koordination der Abteilungen und der reibungslosen Kommunikation sowie beim Austausch von Daten. Könnten Sie bitte bewährte Methoden und Strategien bereitstellen, um bereichsübergreifende Arbeitsprozesse zu verbessern? Besonders hilfreich wären Einblicke in die Integration von Datenanalysen in kreative, leistungsorientierte Marketingmaßnahmen.",random_forest,Random Forest,bagging_ensemble,medium,False,0.15127302711395776,688,0.6953336107554784,Product Support | [char] metho | [char] tra | [char] rat | [char] era,bereitstellen | [char] aus | [char] ilu | marketingmaßnahmen | [char] dina,,,,,,,,author
case_11,model_disagreement_4,98,2b8de51a7c4e30bce5c04433674e788ab51bc409,high,Request,de,Product Support,"Benötigte Anleitung zur effektiven bereichsübergreifenden Kollaboration Sehr geehrtes Support-Team, ich bitte um Ihre fachkundige Beratung zur Optimierung der Zusammenarbeit zwischen Creative Studio und Performance Marketing Analytics-Teams. Ziel ist es, den Marketing-ROI zu steigern, indem ein datengesteuerter Ansatz mit einer zentralisierten Kontoverwaltung umgesetzt wird. Derzeit bestehen Herausforderungen bei der effizienten Koordination der Abteilungen und der reibungslosen Kommunikation sowie beim Austausch von Daten. Könnten Sie bitte bewährte Methoden und Strategien bereitstellen, um bereichsübergreifende Arbeitsprozesse zu verbessern? Besonders hilfreich wären Einblicke in die Integration von Datenanalysen in kreative, leistungsorientierte Marketingmaßnahmen.",xgboost,XGBoost,gradient_boosting,medium,False,0.3488944285993806,132,0.5259217456364749,Product Support | [char] inde | [char] ders  | [char]  crea | [char]  met,[char] integ | [char] met | [char] nteg | [char] egi | [char]  str,,,,,,,,author
case_11,model_disagreement_4,98,2b8de51a7c4e30bce5c04433674e788ab51bc409,high,Request,de,Product Support,"Benötigte Anleitung zur effektiven bereichsübergreifenden Kollaboration Sehr geehrtes Support-Team, ich bitte um Ihre fachkundige Beratung zur Optimierung der Zusammenarbeit zwischen Creative Studio und Performance Marketing Analytics-Teams. Ziel ist es, den Marketing-ROI zu steigern, indem ein datengesteuerter Ansatz mit einer zentralisierten Kontoverwaltung umgesetzt wird. Derzeit bestehen Herausforderungen bei der effizienten Koordination der Abteilungen und der reibungslosen Kommunikation sowie beim Austausch von Daten. Könnten Sie bitte bewährte Methoden und Strategien bereitstellen, um bereichsübergreifende Arbeitsprozesse zu verbessern? Besonders hilfreich wären Einblicke in die Integration von Datenanalysen in kreative, leistungsorientierte Marketingmaßnahmen.",lightgbm,LightGBM,gradient_boosting,medium,False,0.45331733143957875,542,0.5733744353180644,kommunikation | creative | Product Support | [char] undi | besonders,abteilungen | [char] dina | [char] rdina | [char] eat | [char] nati,,,,,,,,author
case_12,model_disagreement_5,128,1a253cac8e537423675594be7ce6e3473a15a28f,low,Request,en,Sales and Pre-Sales,"Inquiry About Marketing Agency Services Dear Customer Support Team, I hope this message finds you well. I am reaching out to inquire about the services offered by your marketing agency. We are currently looking for potential partners to help us improve our brand visibility and develop effective marketing strategies. Given the competitive landscape of our industry, it is essential for us to work with an agency that understands our objectives and can customize strategies to meet our unique requirements. Could you please provide detailed information about the range of services you offer?",logistic_regression,Logistic Regression,linear_baseline,low,True,0.2236917275573417,548,0.6521430339399321,given | effective marketing | Sales and Pre-Sales | essential us | hope message,work | Request | develop | marketing agency | currently,,,,,,,,author
case_12,model_disagreement_5,128,1a253cac8e537423675594be7ce6e3473a15a28f,low,Request,en,Sales and Pre-Sales,"Inquiry About Marketing Agency Services Dear Customer Support Team, I hope this message finds you well. I am reaching out to inquire about the services offered by your marketing agency. We are currently looking for potential partners to help us improve our brand visibility and develop effective marketing strategies. Given the competitive landscape of our industry, it is essential for us to work with an agency that understands our objectives and can customize strategies to meet our unique requirements. Could you please provide detailed information about the range of services you offer?",linear_svm,Linear SVM,linear,medium,False,0.19414403925438184,645,0.6660359003897877,work | objectives | landscape | Sales and Pre-Sales | team hope,effective marketing | industry | reaching inquire | offered | Request,,,,,,,,author
case_12,model_disagreement_5,128,1a253cac8e537423675594be7ce6e3473a15a28f,low,Request,en,Sales and Pre-Sales,"Inquiry About Marketing Agency Services Dear Customer Support Team, I hope this message finds you well. I am reaching out to inquire about the services offered by your marketing agency. We are currently looking for potential partners to help us improve our brand visibility and develop effective marketing strategies. Given the competitive landscape of our industry, it is essential for us to work with an agency that understands our objectives and can customize strategies to meet our unique requirements. Could you please provide detailed information about the range of services you offer?",complement_naive_bayes,Complement Naive Bayes,naive_bayes,medium,False,0.14319625749577253,790,0.6877664495186198,Sales and Pre-Sales | Request | range services | landscape | essential us,,,,,,,,,author
case_12,model_disagreement_5,128,1a253cac8e537423675594be7ce6e3473a15a28f,low,Request,en,Sales and Pre-Sales,"Inquiry About Marketing Agency Services Dear Customer Support Team, I hope this message finds you well. I am reaching out to inquire about the services offered by your marketing agency. We are currently looking for potential partners to help us improve our brand visibility and develop effective marketing strategies. Given the competitive landscape of our industry, it is essential for us to work with an agency that understands our objectives and can customize strategies to meet our unique requirements. Could you please provide detailed information about the range of services you offer?",knn_cosine,kNN (cosine),instance_based,high,False,0.39737033492824964,90,0.4740074659693968,Request | Sales and Pre-Sales | strategies | brand | could,marketing | marketing agency | [char]  age | [char] mize | reaching inquire,,,,,,,,author
case_12,model_disagreement_5,128,1a253cac8e537423675594be7ce6e3473a15a28f,low,Request,en,Sales and Pre-Sales,"Inquiry About Marketing Agency Services Dear Customer Support Team, I hope this message finds you well. I am reaching out to inquire about the services offered by your marketing agency. We are currently looking for potential partners to help us improve our brand visibility and develop effective marketing strategies. Given the competitive landscape of our industry, it is essential for us to work with an agency that understands our objectives and can customize strategies to meet our unique requirements. Could you please provide detailed information about the range of services you offer?",random_forest,Random Forest,bagging_ensemble,medium,False,0.10479140654578692,375,0.6656530944238489,[char] agen | [char]  ag | [char] ncy | marketing | [char] gency,[char]  you | [char] ncy  | [char] inqu | [char] nquir | [char] lan,,,,,,,,author
case_12,model_disagreement_5,128,1a253cac8e537423675594be7ce6e3473a15a28f,low,Request,en,Sales and Pre-Sales,"Inquiry About Marketing Agency Services Dear Customer Support Team, I hope this message finds you well. I am reaching out to inquire about the services offered by your marketing agency. We are currently looking for potential partners to help us improve our brand visibility and develop effective marketing strategies. Given the competitive landscape of our industry, it is essential for us to work with an agency that understands our objectives and can customize strategies to meet our unique requirements. Could you please provide detailed information about the range of services you offer?",xgboost,XGBoost,gradient_boosting,medium,False,0.29245023698936135,136,0.539295998489729,[char] agen | [char]  can  | brand | [char]  age | [char] omiz,[char] fer | [char]  lan | offer | [char]  can | [char]  our,,,,,,,,author
case_12,model_disagreement_5,128,1a253cac8e537423675594be7ce6e3473a15a28f,low,Request,en,Sales and Pre-Sales,"Inquiry About Marketing Agency Services Dear Customer Support Team, I hope this message finds you well. I am reaching out to inquire about the services offered by your marketing agency. We are currently looking for potential partners to help us improve our brand visibility and develop effective marketing strategies. Given the competitive landscape of our industry, it is essential for us to work with an agency that understands our objectives and can customize strategies to meet our unique requirements. Could you please provide detailed information about the range of services you offer?",lightgbm,LightGBM,gradient_boosting,medium,False,0.272508943006297,631,0.6460980710387072,[char] agen | objectives | [char]  ag | marketing agency | Sales and Pre-Sales,[char] fer | effective marketing | [char] ge  | [char] stand | currently,,,,,,,,author
